Gender,Married,Dependents,Education,Self_Employed,ApplicantIncome,CoapplicantIncome,LoanAmount,Loan_Amount_Term,Credit_History,Property_Area,Loan_Status
Male,No,0,Graduate,No,1.03396608748055,-0.9699371091618103,0.07748042853999192,0.0,0.0,Urban,1
Male,Yes,1,Graduate,No,0.33139245796460587,0.11952346217181098,0.07748042853999192,0.0,0.0,Rural,0
Male,Yes,0,Graduate,Yes,-0.5471020566671002,-0.9699371091618103,-1.4883495766605583,0.0,0.0,Urban,1
Male,Yes,0,Not Graduate,No,-0.7785184891379918,0.733609327976571,-0.12456215277620812,0.0,0.0,Urban,1
Male,No,0,Graduate,No,1.1177643639867962,-0.9699371091618103,0.40579962317881696,0.0,0.0,Urban,1
Male,Yes,0,Not Graduate,No,-0.9172573575258166,0.12530309384997343,-0.7559452193893332,0.0,0.0,Urban,1
Male,Yes,2,Graduate,No,0.011183149725506412,0.13252763344767649,1.087693335120992,0.0,0.0,Urban,1
Male,Yes,2,Graduate,No,-0.43611096195684046,-0.4642193373225962,-1.3873282860024583,0.0,0.0,Urban,1
Male,Yes,2,Graduate,No,-0.8245797934427497,0.3593781768155525,-0.4023707020859832,0.0,0.0,Urban,1
Male,No,0,Graduate,No,-1.18363598483044,1.0818321365858583,-0.27609408876335817,0.0,0.0,Rural,0
Male,No,0,Graduate,No,0.5350611167579326,-0.9699371091618103,0.0017144605464169001,0.0,0.0,Urban,1
Male,Yes,0,Not Graduate,No,0.5000989219242007,-0.9699371091618103,0.20375704186261692,0.0,0.0,Rural,0
Male,Yes,0,Graduate,No,-0.7690842460876197,1.55865175003426,-0.25083876609883315,0.0,0.0,Urban,1
Male,Yes,1,Graduate,No,-0.14919898213081895,1.1432407231663344,0.658352849824067,0.0,0.0,Semiurban,0
Male,Yes,0,Graduate,Yes,3.0934058498294204,-0.9699371091618103,1.668565756405067,0.0,0.0,Semiurban,1
Male,Yes,0,Graduate,No,-0.6586481068509112,0.6577516622006888,-0.07405150744715812,0.0,0.0,Semiurban,1
Male,Yes,2,Not Graduate,No,0.13327335390679215,-0.21858499100069217,-0.3771153794214582,0.0,0.0,Urban,1
Male,No,0,Not Graduate,No,-1.411722684460024,-0.9699371091618103,-2.2712645792608335,0.0,0.0,Urban,0
Female,No,2,Graduate,No,-0.1308854515036261,0.5349344890397368,-0.12456215277620812,0.0,0.0,Semiurban,1
Male,Yes,1,Graduate,No,0.09997602549371423,1.4640102813043503,1.9211189830503173,0.0,0.0,Urban,0
Male,No,0,Graduate,No,-0.45442449258403333,-0.9699371091618103,-1.2863069953443582,0.0,0.0,Urban,0
Male,No,1,Graduate,Yes,0.39188260458169744,-0.9699371091618103,-0.4781366700795582,0.0,0.0,Rural,0
Male,Yes,0,Graduate,No,-0.2696243198914508,0.23439364177528962,-0.27609408876335817,0.0,0.0,Semiurban,1
Male,Yes,0,Graduate,No,-0.9494447749917919,0.523375225683412,0.07748042853999192,0.0,0.0,Urban,1
Female,Yes,0,Graduate,No,-0.1769467558083839,0.08412321814306599,0.48156559117239195,0.0,0.0,Semiurban,1
Male,No,0,Not Graduate,No,-0.13199536245072868,0.23511609573505993,-0.3771153794214582,0.0,0.0,Semiurban,1
Male,No,0,Graduate,No,-0.21412877253632093,-0.9699371091618103,-1.1347750593572083,0.0,0.0,Urban,0
Male,No,0,Graduate,No,-1.213048624928659,-0.09360045596042925,-1.9682007072865335,0.0,0.0,Urban,1
Male,Yes,0,Graduate,No,-0.8800753407978795,-0.9699371091618103,-1.2610516726798333,0.0,0.0,Urban,1
Male,Yes,0,Graduate,No,-0.024888956055328013,0.7177153408616243,0.22901236452714194,0.0,0.0,Semiurban,1
Male,Yes,0,Not Graduate,Yes,0.3935474710023513,-0.9699371091618103,-0.7306898967248082,0.0,0.0,Urban,1
Female,No,0,Graduate,No,-0.3195703125110677,-0.9699371091618103,-0.9327324780410082,0.0,0.0,Urban,1
Male,Yes,1,Graduate,No,0.9229749927702904,-0.9699371091618103,-2.0439666752801084,0.0,0.0,Urban,1
Male,Yes,0,Graduate,No,1.0184273342211139,-0.9699371091618103,0.48156559117239195,0.0,0.0,Urban,1
Female,No,0,Graduate,No,0.007853416884198619,0.6736456493156355,0.48156559117239195,0.0,0.0,Semiurban,1
Female,Yes,0,Not Graduate,No,-1.1420143243140926,0.21777720070057258,-0.6296686060667082,0.0,0.0,Semiurban,1
Female,No,0,Graduate,No,-0.4993758859416885,-0.9699371091618103,-0.12456215277620812,0.0,0.0,Semiurban,1
Female,No,0,Graduate,No,0.13549317580099735,-0.9699371091618103,-0.32660473409240814,0.0,0.0,Semiurban,0
Male,Yes,2,Graduate,No,0.3497059885917987,-0.9699371091618103,0.22901236452714194,0.0,0.0,Urban,0
Male,Yes,2,Graduate,No,-0.7091490549440795,-0.12683333810986333,-0.7054345740602832,0.0,0.0,Semiurban,1
Male,Yes,0,Graduate,No,-1.0288034077096275,0.17948714083274636,-0.7306898967248082,0.0,0.0,Semiurban,1
Male,Yes,0,Graduate,No,-0.34398835334732486,0.6194616023328626,0.2542676871916669,0.0,0.0,Rural,0
Male,Yes,1,Graduate,No,2.272071748973498,0.6555843003213779,1.390757207095292,0.0,0.0,Urban,1
Male,Yes,2,Not Graduate,No,-0.3489829526092865,1.0955587618214941,0.48156559117239195,0.0,0.0,Urban,1
Male,Yes,0,Graduate,No,-0.8245797934427497,1.7724981221262706,-0.12456215277620812,0.0,0.0,Urban,1
Male,Yes,3+,Graduate,No,-0.5310083479341126,-0.9699371091618103,-0.6549239287312332,0.0,0.0,Urban,1
Male,Yes,0,Graduate,No,-0.4316713181684301,1.2451067314939475,1.1887146257790921,0.0,0.0,Urban,1
Male,Yes,2,Not Graduate,Yes,-1.1714269644123114,0.38466406540751324,-0.7054345740602832,0.0,0.0,Semiurban,1
Male,Yes,3+,Graduate,Yes,0.710427046400143,0.31169621547071236,1.567544465746967,0.0,0.0,Semiurban,1
Male,No,0,Graduate,No,-0.1308854515036261,2.4617191997471424,1.2897359164371922,0.0,0.0,Urban,0
Male,Yes,1,Graduate,Yes,-1.657013003769698,1.213318757264054,-0.3771153794214582,0.0,0.0,Urban,0
Male,Yes,3+,Not Graduate,Yes,-0.36230188397451774,0.5948981677006723,0.12799107386904193,0.0,0.0,Semiurban,1
Female,No,0,Graduate,No,-0.0776097260427014,-0.9699371091618103,-0.35186005675693316,0.0,0.0,Semiurban,1
Male,Yes,1,Graduate,Yes,-0.8828501181656361,-0.9699371091618103,0.07748042853999192,0.0,0.0,Semiurban,1
Female,Yes,2,Graduate,No,-1.447239834767307,0.38899878916613506,1.062438012456467,0.0,0.0,Urban,0
Male,No,0,Graduate,No,-0.8989438268986237,0.8585938630168339,0.27952300985619194,0.0,0.0,Semiurban,1
Male,Yes,2,Not Graduate,No,-0.36230188397451774,0.47497081037880146,-0.6549239287312332,0.0,0.0,Semiurban,1
Male,Yes,0,Graduate,No,-0.8245797934427497,0.5602203776316975,-0.5286473154086082,0.0,0.0,Semiurban,1
Male,No,0,Graduate,No,2.541780109119429,-0.9699371091618103,2.148416887031042,0.0,0.0,Urban,1
Male,Yes,0,Graduate,No,0.9485029445536501,2.0405285412010543,1.264480593772667,0.0,0.0,Semiurban,1
Male,Yes,0,Graduate,No,-0.5704101865562548,1.1251793741720768,0.15324639653356692,0.0,0.0,Semiurban,1
Male,Yes,2,Not Graduate,No,-0.39559921238759566,0.3449290976201464,-1.1095197366926832,0.0,0.0,Urban,1
Male,No,0,Graduate,No,0.08166249486652137,-0.9699371091618103,-0.07405150744715812,0.0,0.0,Semiurban,1
Male,No,0,Graduate,No,1.551739544303912,-0.9699371091618103,0.07748042853999192,0.0,0.0,Urban,0
Female,Yes,0,Graduate,No,-0.8334590810195704,0.6931519062294338,0.30477833252071695,0.0,0.0,Semiurban,1
Male,Yes,0,Graduate,No,-1.114821506110079,-0.2496505112708153,-1.8924347392929584,0.0,0.0,Semiurban,1
Male,Yes,0,Graduate,No,-1.235801799344262,1.5882723623848427,0.15324639653356692,0.0,0.0,Semiurban,1
Male,No,0,Graduate,No,0.47568088108794354,1.7797226617239736,0.658352849824067,0.0,0.0,Semiurban,1
Male,Yes,0,Graduate,No,0.36968438563964545,1.6186154286951955,0.07748042853999192,0.0,0.0,Semiurban,1
Male,Yes,0,Graduate,No,-0.09425839024924036,-0.42520682349499966,0.8856507538047921,0.0,0.0,Urban,1
Male,Yes,1,Graduate,No,-0.5182443720424327,-0.22580953059839523,-0.6296686060667082,0.0,0.0,Urban,1
Male,No,0,Not Graduate,No,1.8575200102306777,-0.9699371091618103,-0.12456215277620812,0.0,0.0,Rural,0
Male,No,0,Graduate,No,0.7381748200777078,-0.9699371091618103,0.27952300985619194,0.0,0.0,Urban,1
Female,Yes,0,Graduate,No,-0.5865038952892424,0.7155479789823134,0.35528897784976693,0.0,0.0,Semiurban,1
Female,No,1,Graduate,Yes,1.923004756109731,-0.9699371091618103,0.07748042853999192,0.0,0.0,Semiurban,1
Male,No,0,Graduate,No,0.5905566641130624,-0.9699371091618103,-0.17507279810525814,0.0,0.0,Semiurban,1
Female,Yes,0,Graduate,No,-0.45442449258403333,0.6794252809937981,0.734118817817642,0.0,0.0,Semiurban,1
Male,Yes,1,Graduate,No,-0.9832970588784211,0.04005352659707734,-1.0084984460345832,0.0,0.0,Urban,1
Male,Yes,0,Graduate,No,0.8780235994126352,0.5775592726661849,1.264480593772667,0.0,0.0,Rural,0
Male,Yes,0,Graduate,No,0.9329641912942138,0.9568476015455954,1.390757207095292,0.0,0.0,Rural,1
Female,No,0,Graduate,No,0.09997602549371423,-0.9699371091618103,-2.0439666752801084,0.0,0.0,Semiurban,1
Male,Yes,2,Graduate,No,-0.5709651420298061,-0.9699371091618103,-1.1095197366926832,0.0,0.0,Semiurban,1
Male,Yes,0,Not Graduate,No,0.17434005894958826,0.48508516581558575,1.7443317243986423,0.0,0.0,Rural,1
Female,No,0,Graduate,No,-0.16307286896960144,-0.9699371091618103,-0.8064558647183833,0.0,0.0,Rural,1
Male,No,0,Graduate,No,-0.06706557204522673,0.21488738486149137,0.07748042853999192,0.0,0.0,Rural,1
Male,Yes,0,Graduate,No,1.1621608018709002,0.8860471134881055,1.441267852424342,0.0,0.0,Rural,0
Male,No,0,Graduate,No,-1.0942881535886808,0.42367657923510976,-1.2863069953443582,0.0,0.0,Urban,1
Male,No,0,Graduate,No,-0.7035995002085665,-0.9699371091618103,-1.3873282860024583,0.0,0.0,Semiurban,1
Male,No,0,Graduate,No,0.5045385657126111,-0.9699371091618103,-0.5791579607376582,0.0,0.0,Semiurban,1
Female,Yes,0,Graduate,No,0.33139245796460587,-0.9699371091618103,-1.0337537686991083,0.0,0.0,Rural,0
Male,Yes,2,Graduate,Yes,-0.3717361270248898,1.55865175003426,-0.9327324780410082,0.0,0.0,Urban,1
Male,Yes,2,Not Graduate,No,0.11884451159445839,0.06317205330972712,0.10273575120451692,0.0,0.0,Rural,0
Male,Yes,2,Graduate,No,0.5861170203246521,0.5349344890397368,1.5170338204179172,0.0,0.0,Rural,0
Male,No,0,Graduate,No,0.794225322906389,-0.9699371091618103,1.087693335120992,0.0,0.0,Urban,1
Male,Yes,0,Graduate,No,-0.7146986096795924,0.49953424501099186,-0.07405150744715812,0.0,0.0,Semiurban,1
Female,Yes,0,Graduate,No,-0.9189222239464705,2.2709913543677818,-0.6296686060667082,0.0,0.0,Semiurban,1
Male,Yes,1,Graduate,No,-1.358446958999099,0.05955978351087559,-2.3975411925834584,0.0,0.0,Urban,1
Female,No,0,Graduate,No,3.3375862581919917,0.23367118781551932,2.5272467269989174,0.0,0.0,Rural,0
Male,Yes,0,Graduate,No,0.48511512413831565,-0.3703003225524564,0.0017144605464169001,0.0,0.0,Semiurban,1
Male,Yes,0,Graduate,Yes,-0.7818482219792996,1.7392652399768367,0.683608172488592,0.0,0.0,Rural,1
Male,Yes,2,Not Graduate,No,-0.9461150421504841,-0.9699371091618103,-0.30134941142788313,0.0,0.0,Rural,0
Male,No,0,Graduate,No,-0.4061433663850703,-0.9699371091618103,-1.8924347392929584,0.0,0.0,Urban,1
Male,Yes,1,Graduate,No,1.1177643639867962,-0.9699371091618103,0.8856507538047921,0.0,0.0,Rural,1
Male,Yes,1,Graduate,No,3.081196829411292,-0.9699371091618103,1.567544465746967,0.0,0.0,Urban,1
Male,No,0,Graduate,No,-0.5582011661381262,0.5349344890397368,-0.12456215277620812,0.0,0.0,Rural,1
Male,Yes,0,Not Graduate,No,-1.178086430094927,-0.21786253704092187,-0.6801792513957582,0.0,0.0,Semiurban,1
Male,Yes,2,Graduate,No,0.10053098096726552,0.07545377062582233,0.835140108475742,0.0,0.0,Rural,1
Male,Yes,0,Graduate,No,-0.15474853686633194,1.317352127470978,1.441267852424342,0.0,0.0,Rural,1
Female,Yes,0,Graduate,No,0.33139245796460587,-0.9699371091618103,-0.32660473409240814,0.0,0.0,Rural,0
Male,Yes,0,Graduate,No,-0.8584320773293789,1.4380019387526193,0.10273575120451692,0.0,0.0,Rural,1
Male,Yes,2,Graduate,No,2.227675311089394,-0.9699371091618103,1.8958636603857921,0.0,0.0,Semiurban,1
Male,Yes,0,Not Graduate,No,-1.201949515457633,0.3080839456718608,-0.7559452193893332,0.0,0.0,Rural,1
Male,Yes,0,Graduate,No,0.955717365709817,3.0938664145461603,1.567544465746967,0.0,0.0,Semiurban,1
Male,Yes,0,Not Graduate,Yes,0.1987580997858454,-0.43821099477086517,-0.9579878007055332,0.0,0.0,Semiurban,0
Male,Yes,0,Graduate,No,-0.2712891863121047,0.44896246782707044,-0.22558344343430814,0.0,0.0,Rural,1
Male,Yes,2,Graduate,No,-1.0770845339085906,0.19971585170631492,-0.6044132834021831,0.0,0.0,Rural,1
Male,Yes,1,Graduate,No,-0.1308854515036261,-0.9699371091618103,-0.22558344343430814,0.0,0.0,Semiurban,1
Male,No,0,Graduate,No,-1.148673789996708,2.6878472891552483,-1.4630942539960334,0.0,0.0,Rural,0
Female,Yes,0,Graduate,No,-0.20025488569753844,-0.9699371091618103,-0.42762602475050815,0.0,0.0,Semiurban,1
Male,Yes,0,Graduate,No,-0.8895095838482516,0.5746694568271037,-1.6903921579767585,0.0,0.0,Rural,1
Male,Yes,0,Graduate,Yes,-1.8379284881474214,2.8561790617817295,1.087693335120992,0.0,0.0,Rural,1
Male,No,0,Not Graduate,No,0.4989890109770981,-0.9699371091618103,-1.9429453846220084,0.0,0.0,Rural,1
Male,Yes,0,Not Graduate,No,1.1360778946139891,-0.9699371091618103,0.8856507538047921,0.0,0.0,Urban,0
Male,No,0,Graduate,No,-0.07095026036008582,-0.9699371091618103,-1.2357963500153082,0.0,0.0,Semiurban,1
Male,No,0,Graduate,No,0.1138499123324967,-0.9699371091618103,-0.12456215277620812,0.0,0.0,Rural,1
Male,Yes,1,Graduate,No,-0.4777326224731879,0.8961614689248898,1.1382039804500421,0.0,0.0,Semiurban,0
Male,No,0,Graduate,No,2.412475483781977,1.7392652399768367,1.567544465746967,0.0,0.0,Rural,1
Female,No,0,Not Graduate,No,-1.1536683892586699,0.7386665056949631,-0.12456215277620812,0.0,0.0,Urban,1
Female,Yes,0,Graduate,No,-0.3162405796697599,1.064493241551371,-0.30134941142788313,0.0,0.0,Semiurban,1
Male,Yes,1,Not Graduate,No,-0.7690842460876197,0.8361977902639544,-0.8822218327119582,0.0,0.0,Semiurban,1
Male,Yes,1,Not Graduate,No,-0.2696243198914508,-0.18751947073056902,0.2542676871916669,0.0,0.0,Urban,1
Male,Yes,2,Not Graduate,No,-0.03820788742055919,-0.9699371091618103,-0.023540862118108102,0.0,0.0,Semiurban,1
Female,No,0,Not Graduate,No,0.23427525009312855,-0.9699371091618103,-0.12456215277620812,0.0,0.0,Semiurban,1
Female,No,0,Graduate,No,-0.4116929211205833,-0.9699371091618103,-1.1347750593572083,0.0,0.0,Urban,1
Male,No,0,Not Graduate,No,-0.006020469954583852,0.8585938630168339,-1.7661581259703334,0.0,0.0,Rural,1
Male,No,0,Graduate,No,-0.8362338583873269,-0.9699371091618103,-1.6651368353122333,0.0,0.0,Urban,1
Male,No,0,Graduate,No,-0.3151306687226573,-0.9699371091618103,0.05222510587546691,0.0,0.0,Semiurban,0
Female,No,0,Graduate,No,3.3375862581919917,-0.9699371091618103,2.249438177689142,0.0,0.0,Semiurban,0
Male,Yes,3+,Not Graduate,Yes,0.9529425883420606,-0.9699371091618103,0.12799107386904193,0.0,0.0,Rural,1
Male,Yes,0,Graduate,No,-0.4510947597427255,1.2125963033042837,0.30477833252071695,0.0,0.0,Urban,1
Male,Yes,3+,Not Graduate,No,-0.07538990414849621,-0.25976486670759963,-0.6296686060667082,0.0,0.0,Semiurban,1
Male,Yes,0,Graduate,No,-2.128725156288302,0.3304800184247403,0.2542676871916669,0.0,0.0,Rural,0
Male,Yes,0,Graduate,No,-0.14364942739530598,0.31241866943048263,0.15324639653356692,0.0,0.0,Semiurban,1
Female,Yes,2,Graduate,No,0.16490581589921618,0.7516706769708286,0.05222510587546691,0.0,0.0,Semiurban,1
Male,Yes,2,Graduate,No,0.01284801614616031,0.2705163397638049,-0.22558344343430814,0.0,0.0,Semiurban,1
Male,No,0,Graduate,No,-0.5631957654000879,1.0464318925571134,0.48156559117239195,0.0,0.0,Semiurban,1
Male,Yes,0,Graduate,No,1.9934841012507458,-0.24025860979380134,1.264480593772667,0.0,0.0,Semiurban,1
Male,Yes,0,Graduate,No,1.256503232374621,-0.9699371091618103,0.07748042853999192,0.0,0.0,Semiurban,1
Male,Yes,0,Graduate,No,-0.40836318827927554,-0.9699371091618103,1.1382039804500421,0.0,0.0,Rural,0
Male,Yes,0,Not Graduate,Yes,0.41574568994440325,-0.9699371091618103,0.33003365518524197,0.0,0.0,Urban,0
Male,Yes,2,Graduate,No,1.256503232374621,0.2546223526488582,2.148416887031042,0.0,0.0,Semiurban,1
Male,No,0,Graduate,Yes,1.3397465534073159,-0.9699371091618103,1.8958636603857921,0.0,0.0,Rural,1
Male,Yes,1,Graduate,No,-0.8295743927047113,0.513983324206398,-0.5286473154086082,0.0,0.0,Semiurban,1
Male,No,0,Not Graduate,No,-0.44221547216590473,0.9069982783214444,-0.12456215277620812,0.0,0.0,Rural,1
Male,Yes,1,Graduate,No,-0.4610839582666489,0.3153084852695639,0.38054430051429194,0.0,0.0,Semiurban,1
Male,Yes,1,Graduate,No,0.8402866272111469,-0.05964511985122488,1.1382039804500421,0.0,0.0,Rural,1
Female,No,0,Graduate,Yes,-0.29015767241284884,-0.9699371091618103,-0.07405150744715812,0.0,0.0,Urban,1
Female,No,1,Graduate,No,-0.09647821214344557,-0.9699371091618103,-0.32660473409240814,0.0,0.0,Rural,1
Male,Yes,1,Graduate,No,-0.3722910824984411,-0.9699371091618103,-0.7306898967248082,0.0,0.0,Semiurban,1
Male,Yes,2,Graduate,No,1.0173174232740112,2.642332689689719,-0.12456215277620812,0.0,0.0,Rural,1
Male,Yes,2,Graduate,Yes,1.256503232374621,-0.030746961460412642,-0.42762602475050815,0.0,0.0,Rural,1
Male,Yes,0,Not Graduate,No,-0.3217901344052729,2.2211420311436307,-0.04879618478263311,0.0,0.0,Semiurban,1
Male,Yes,2,Graduate,No,3.1727644825472563,-0.9699371091618103,-0.32660473409240814,0.0,0.0,Urban,1
Male,Yes,0,Graduate,No,-1.2080540256666972,0.3796068876891211,-0.8822218327119582,0.0,0.0,Urban,1
Female,No,2,Graduate,No,-0.3101360694606956,-0.9699371091618103,0.33003365518524197,0.0,0.0,Urban,0
Male,No,0,Not Graduate,Yes,-0.7785184891379918,0.5956206216604425,-0.5286473154086082,0.0,0.0,Rural,1
Male,Yes,3+,Graduate,No,0.7015477588233222,-0.9699371091618103,-0.7812005420538582,0.0,0.0,Urban,0
Male,Yes,3+,Not Graduate,No,0.5245169627604579,-0.9699371091618103,0.07748042853999192,0.0,0.0,Semiurban,0
Male,No,0,Graduate,No,-1.068760201805321,0.6259636879707954,0.22901236452714194,0.0,0.0,Semiurban,1
Female,No,0,Graduate,No,1.7837109322483549,-0.9699371091618103,-0.12456215277620812,0.0,0.0,Rural,1
Male,No,0,Graduate,Yes,0.654931499045013,-0.9699371091618103,0.07748042853999192,0.0,0.0,Semiurban,1
Male,No,0,Graduate,No,0.06057418687157201,1.5203616901664339,0.658352849824067,0.0,0.0,Rural,1
Male,Yes,2,Graduate,No,0.4007618921585182,0.03210653303960397,0.633097527159542,0.0,0.0,Semiurban,1
Female,No,0,Graduate,No,-0.3151306687226573,-0.9699371091618103,0.2542676871916669,0.0,0.0,Rural,0
Female,No,1,Graduate,No,-0.6159165353874613,0.1570910680798669,-0.8822218327119582,0.0,0.0,Urban,1
Female,No,0,Graduate,No,-0.4155776094354424,-0.9699371091618103,-2.3975411925834584,0.0,0.0,Urban,1
Male,No,0,Graduate,No,-0.6397796207501671,0.37165989413164774,0.026969783210941903,0.0,0.0,Rural,1
Male,Yes,0,Graduate,No,-0.7579851366165938,0.6360780434075797,0.633097527159542,0.0,0.0,Semiurban,1
Male,Yes,2,Graduate,No,-0.047642130470931264,-0.9699371091618103,-0.8822218327119582,0.0,0.0,Semiurban,1
Male,Yes,1,Graduate,No,-0.6858409250549249,0.3608230847350931,-0.25083876609883315,0.0,0.0,Semiurban,1
Male,Yes,0,Graduate,No,0.003968728569339527,1.395377155126171,2.0726509190374673,0.0,0.0,Semiurban,1
Male,Yes,0,Graduate,No,-0.4899416428913164,-0.030746961460412642,-1.1347750593572083,0.0,0.0,Urban,1
Female,Yes,0,Not Graduate,No,0.06334896423932851,-0.9699371091618103,-0.023540862118108102,0.0,0.0,Rural,1
Male,Yes,0,Graduate,No,-0.0326583326850462,-0.39197394134556557,-0.32660473409240814,0.0,0.0,Semiurban,1
Female,No,0,Graduate,No,-1.2069441147195945,0.23367118781551932,-1.7914134486348583,0.0,0.0,Urban,1
Male,No,0,Graduate,No,-0.459419091845995,1.2357148300169336,-0.9074771553764832,0.0,0.0,Rural,1
Male,Yes,0,Graduate,No,-0.15641340328698583,0.47497081037880146,-0.12456215277620812,0.0,0.0,Rural,1
Female,No,0,Graduate,No,0.07666789560455968,-0.9699371091618103,-0.25083876609883315,0.0,0.0,Semiurban,1
Male,No,0,Graduate,No,3.064548165204753,-0.9699371091618103,1.567544465746967,0.0,0.0,Rural,1
Male,Yes,0,Graduate,No,-0.5054803961507528,0.7755116576432487,0.35528897784976693,0.0,0.0,Rural,1
Male,Yes,2,Graduate,No,-0.4621938692137515,0.1570910680798669,0.22901236452714194,0.0,0.0,Urban,1
Male,Yes,0,Graduate,No,-0.8895095838482516,1.4387243927123896,1.1887146257790921,0.0,0.0,Semiurban,1
Male,Yes,3+,Graduate,No,0.23871489388153894,-0.06686965944892793,-0.3771153794214582,0.0,0.0,Urban,1
Male,Yes,1,Graduate,No,1.6033504033441828,-0.9699371091618103,1.8958636603857921,0.0,0.0,Semiurban,1
Female,Yes,1,Graduate,No,0.37745376226936367,-0.9699371091618103,0.2542676871916669,0.0,0.0,Urban,1
Male,Yes,1,Graduate,No,-1.0942881535886808,1.1432407231663344,-0.30134941142788313,0.0,0.0,Urban,0
Male,Yes,0,Not Graduate,No,-0.6164714908610126,0.294357320436225,-0.5033919927440832,0.0,0.0,Semiurban,1
Female,No,0,Graduate,No,0.5628088904354974,-0.9699371091618103,0.17850171919809193,0.0,0.0,Rural,1
Male,Yes,1,Graduate,No,-1.3101658328001362,0.3326473803040512,-0.7306898967248082,0.0,0.0,Urban,1
Male,No,0,Graduate,No,0.007853416884198619,0.8361977902639544,0.38054430051429194,0.0,0.0,Rural,1
Male,No,0,Not Graduate,No,-1.102057530218399,-0.9699371091618103,0.07748042853999192,0.0,0.0,Urban,0
Female,No,0,Graduate,No,-0.1242259858210105,0.23367118781551932,0.2542676871916669,0.0,0.0,Rural,1
Male,Yes,2,Not Graduate,No,2.0428751383968113,-0.9699371091618103,1.5170338204179172,0.0,0.0,Rural,1
Female,No,0,Graduate,No,-0.5931633609718581,-0.9699371091618103,-1.0337537686991083,0.0,0.0,Semiurban,1
Male,No,0,Not Graduate,No,-0.5876138062363451,0.7675646640857754,-0.35186005675693316,0.0,0.0,Semiurban,1
Female,No,0,Graduate,No,-0.8206951051278906,-0.9699371091618103,-1.7409028033058083,0.0,0.0,Rural,1
Male,Yes,0,Graduate,No,-0.8395635912286347,0.36154553869486344,0.8603954311402671,0.0,0.0,Rural,0
Male,Yes,2,Graduate,No,-0.14919898213081895,-0.9699371091618103,-0.12456215277620812,0.0,0.0,Semiurban,1
Male,Yes,0,Graduate,No,-1.0698701127524237,0.5717796409880225,-0.9327324780410082,0.0,0.0,Urban,1
Female,No,1,Graduate,No,-0.24687114547584754,-0.9699371091618103,-0.32660473409240814,0.0,0.0,Semiurban,1
Male,Yes,1,Graduate,Yes,3.3375862581919917,-0.9699371091618103,0.759374140482167,0.0,0.0,Rural,0
Male,Yes,0,Graduate,No,-0.8800753407978795,0.5956206216604425,-0.25083876609883315,0.0,0.0,Semiurban,1
Male,Yes,3+,Graduate,No,0.19764818883874283,-0.8333933107652225,-0.023540862118108102,0.0,0.0,Semiurban,1
Male,Yes,2,Not Graduate,No,-0.21357381706276962,0.17876468687297606,0.07748042853999192,0.0,0.0,Rural,1
Female,No,0,Graduate,No,-0.4549794480575846,1.1865879607525527,0.17850171919809193,0.0,0.0,Rural,1
Male,Yes,0,Graduate,Yes,1.0167624678004599,0.5905634439420504,1.491778497753392,0.0,0.0,Semiurban,1
Female,Yes,0,Graduate,No,0.19265358957678114,0.8007975462352094,-0.3771153794214582,0.0,0.0,Urban,0
Female,No,0,Graduate,No,-0.8245797934427497,-0.9699371091618103,-1.4630942539960334,0.0,0.0,Urban,1
Male,No,1,Graduate,No,0.22095631872789737,0.32542284070634814,-0.20032812076978312,0.0,0.0,Urban,1
Male,No,0,Graduate,No,-0.5831741624479346,-0.9699371091618103,-0.6801792513957582,0.0,0.0,Semiurban,1
Male,No,0,Graduate,No,-0.6397796207501671,-0.9699371091618103,-1.3620729633379334,0.0,0.0,Urban,1
Male,Yes,0,Graduate,Yes,0.8419514936318008,2.273881170206863,-1.3873282860024583,0.0,0.0,Semiurban,1
Male,Yes,1,Graduate,No,0.7015477588233222,-0.4728887848398398,0.8856507538047921,0.0,0.0,Rural,1
Male,Yes,2,Graduate,Yes,-0.8245797934427497,2.353351105781597,1.2897359164371922,0.0,0.0,Rural,1
Female,No,0,Graduate,No,0.09664629265240643,-0.9699371091618103,-1.3620729633379334,0.0,0.0,Semiurban,1
Male,Yes,3+,Not Graduate,No,-0.7430013388307087,0.17659732499366515,1.213969948443617,0.0,0.0,Rural,0
Female,No,0,Graduate,No,-0.8922843612160081,-0.9699371091618103,-1.9934560299510584,0.0,0.0,Rural,0
Male,Yes,1,Not Graduate,No,0.31529874923161816,-0.08204119260410436,0.835140108475742,0.0,0.0,Urban,1
Male,Yes,3+,Not Graduate,No,-0.4510947597427255,-0.9699371091618103,-1.2863069953443582,0.0,0.0,Semiurban,1
Male,Yes,2,Graduate,No,-0.7785184891379918,0.7133806171030024,0.0017144605464169001,0.0,0.0,Rural,1
Male,Yes,0,Graduate,No,-0.8251347489163009,0.8058547239536016,0.8856507538047921,0.0,0.0,Semiurban,1
Male,Yes,2,Not Graduate,No,-0.5010407523623425,0.5963430756202128,0.026969783210941903,0.0,0.0,Urban,1
Male,Yes,0,Graduate,No,2.8286920889454508,-0.9699371091618103,2.603012694992492,0.0,0.0,Semiurban,1
Male,Yes,3+,Graduate,No,-0.7324571848332341,0.5349344890397368,-0.7559452193893332,0.0,0.0,Rural,1
Female,Yes,0,Graduate,No,-0.8673113649061996,-0.6050978594778058,0.12799107386904193,0.0,0.0,Semiurban,1
Male,Yes,2,Graduate,No,2.412475483781977,1.3180745814307484,1.0119273671274172,0.0,0.0,Rural,1
Male,Yes,1,Graduate,No,-0.06151601730971373,-0.9699371091618103,-1.4630942539960334,0.0,0.0,Urban,0
Male,Yes,3+,Graduate,No,0.6554864545185644,1.3180745814307484,1.8958636603857921,0.0,0.0,Semiurban,1
Female,No,1,Graduate,No,0.4090862242617877,-0.9699371091618103,-1.1095197366926832,0.0,0.0,Semiurban,0
Male,Yes,2,Graduate,No,0.5628088904354974,1.6793015613159012,2.8050552763086922,0.0,0.0,Semiurban,1
Male,Yes,0,Graduate,No,0.42407002204767275,0.7155479789823134,0.12799107386904193,0.0,0.0,Urban,1
Male,No,0,Graduate,Yes,1.573937763245964,-0.9699371091618103,0.40579962317881696,0.0,0.0,Rural,1
Male,No,0,Not Graduate,No,1.2376347462738768,-0.9699371091618103,0.20375704186261692,0.0,0.0,Rural,0
Male,Yes,1,Graduate,No,1.2981248928909683,-0.9699371091618103,1.264480593772667,0.0,0.0,Semiurban,1
Male,Yes,2,Graduate,No,0.6654756530424878,-0.9699371091618103,0.759374140482167,0.0,0.0,Semiurban,1
Female,No,0,Graduate,No,-0.6780715484252068,0.08412321814306599,-0.3771153794214582,0.0,0.0,Urban,1
Male,Yes,3+,Graduate,No,2.6438919162528682,2.6394428738506375,0.12799107386904193,0.0,0.0,Rural,1
Male,Yes,0,Graduate,No,0.17988961368510126,-0.9699371091618103,0.12799107386904193,0.0,0.0,Semiurban,1
Male,Yes,2,Graduate,No,0.7797964805940553,-0.9699371091618103,0.12799107386904193,0.0,0.0,Urban,1
Male,Yes,0,Graduate,No,-0.36230188397451774,0.8361977902639544,0.07748042853999192,0.0,0.0,Semiurban,1
Female,No,0,Graduate,No,1.1177643639867962,-0.9699371091618103,0.784629463146692,0.0,0.0,Urban,1
Male,No,0,Graduate,Yes,1.765397401621162,-0.9699371091618103,0.07748042853999192,0.0,0.0,Urban,1
Male,Yes,2,Graduate,No,0.32195821491423376,-0.9699371091618103,-0.6296686060667082,0.0,0.0,Urban,0
Male,No,0,Not Graduate,No,-0.9100429363696497,0.18598922647067911,0.17850171919809193,0.0,0.0,Semiurban,1
Male,Yes,0,Graduate,No,-0.9172573575258166,0.776234111603019,0.27952300985619194,0.0,0.0,Urban,1
Male,Yes,0,Graduate,No,0.8336271615285313,-0.9699371091618103,0.0017144605464169001,0.0,0.0,Rural,1
Male,No,3+,Graduate,No,2.87530834872376,-0.9699371091618103,1.5170338204179172,0.0,0.0,Rural,1
Male,Yes,0,Graduate,No,-0.7785184891379918,0.5580530157523866,-0.12456215277620812,0.0,0.0,Urban,1
Male,Yes,2,Graduate,No,-0.49160650931197036,0.041498434516617944,-0.30134941142788313,0.0,0.0,Urban,1
Male,Yes,2,Graduate,No,-0.39393434596694177,-0.6202693926329822,0.2542676871916669,0.0,0.0,Semiurban,1
Male,Yes,0,Graduate,No,-0.5287885260399073,0.08412321814306599,-0.7559452193893332,0.0,0.0,Urban,1
Male,No,0,Not Graduate,No,-0.04653221952382867,0.23367118781551932,-0.4023707020859832,0.0,0.0,Rural,1
Female,No,0,Not Graduate,No,-1.1225908827397972,-0.9699371091618103,-1.8166687712993834,0.0,0.0,Semiurban,1
Female,No,0,Graduate,Yes,1.9174552013742179,-0.9699371091618103,1.7443317243986423,0.0,0.0,Rural,0
Female,No,0,Graduate,No,0.3114140609167591,-0.9699371091618103,-0.25083876609883315,0.0,0.0,Semiurban,1
Male,Yes,0,Not Graduate,No,-1.0093799661353322,0.7639523942869239,-0.25083876609883315,0.0,0.0,Urban,1
Female,No,0,Not Graduate,No,-0.9838520143519724,-0.9699371091618103,-1.4883495766605583,0.0,0.0,Rural,1
Female,No,1,Not Graduate,Yes,-0.06595566109812413,-0.9699371091618103,-1.5893708673186584,0.0,0.0,Semiurban,0
Male,Yes,0,Graduate,No,1.2598329652159288,-0.9699371091618103,0.8856507538047921,0.0,0.0,Urban,1
Male,Yes,0,Not Graduate,No,-0.9616537954099205,0.4988117910512216,-0.3771153794214582,0.0,0.0,Rural,1
Female,No,0,Graduate,No,-0.5498768340348568,-0.9699371091618103,-1.6398815126477084,0.0,0.0,Urban,1
Female,No,1,Graduate,No,-0.7690842460876197,-0.9699371091618103,0.8856507538047921,0.0,0.0,Urban,0
Male,Yes,0,Graduate,No,-1.6431391169309155,1.033427721281248,-0.32660473409240814,0.0,0.0,Rural,1
Male,Yes,0,Graduate,No,-0.4105830101734807,0.05378015183271315,0.33003365518524197,0.0,0.0,Semiurban,1
Male,Yes,0,Graduate,No,1.0228669780095243,-0.9699371091618103,0.33003365518524197,0.0,0.0,Rural,1
Male,Yes,0,Graduate,No,-1.201949515457633,0.2719612476833455,-0.6296686060667082,0.0,0.0,Urban,1
Male,Yes,0,Graduate,No,-0.7324571848332341,2.1366149178505047,-0.09930683011168312,0.0,0.0,Rural,1
Female,No,1,Not Graduate,No,0.3441564338562857,-0.9699371091618103,-1.1095197366926832,0.0,0.0,Rural,0
Male,Yes,2,Graduate,No,1.0816922582059618,-0.9699371091618103,0.20375704186261692,0.0,0.0,Semiurban,1
Male,Yes,0,Graduate,No,-0.5914984945512042,-0.9582911507234515,-0.9579878007055332,0.0,0.0,Rural,1
Female,No,1,Graduate,Yes,2.5739675265854047,-0.9699371091618103,0.633097527159542,0.0,0.0,Semiurban,1
Male,Yes,0,Graduate,No,-0.8662014539590971,0.7206051567007055,0.456310268507867,0.0,0.0,Semiurban,1
Male,No,0,Graduate,No,-0.1308854515036261,-0.9699371091618103,-0.6296686060667082,0.0,0.0,Urban,1
Male,No,0,Graduate,No,-1.1431242352611952,0.36732517037302587,-1.8924347392929584,0.0,0.0,Semiurban,1
Male,Yes,0,Graduate,No,-0.9838520143519724,-0.15717640442021616,0.07748042853999192,0.0,0.0,Urban,1
Female,Yes,0,Not Graduate,Yes,1.7515235147823796,-0.9699371091618103,0.33003365518524197,0.0,0.0,Rural,1
Male,No,0,Graduate,No,-0.18083144412324298,2.6885697431150186,1.567544465746967,0.0,0.0,Semiurban,1
Male,Yes,0,Graduate,No,2.1727347192078152,0.3543209990971604,1.390757207095292,0.0,0.0,Rural,1
Male,No,3+,Not Graduate,No,0.40020693668496693,0.4699136326604093,0.582586881830492,0.0,0.0,Semiurban,1
Male,Yes,1,Graduate,Yes,-0.28849280599219496,-0.09576781783974017,0.12799107386904193,0.0,0.0,Rural,1
Male,Yes,2,Not Graduate,No,0.36968438563964545,-0.9699371091618103,-0.3771153794214582,0.0,0.0,Rural,1
Male,Yes,0,Graduate,No,-0.24798105642295015,0.024159539482130607,-1.7661581259703334,0.0,0.0,Rural,0
Male,No,1,Not Graduate,Yes,-0.6752967710574502,0.14408689680400139,1.6433104337405422,0.0,0.0,Semiurban,0
Male,No,0,Graduate,Yes,1.7198910527899556,-0.9699371091618103,-1.0337537686991083,0.0,0.0,Semiurban,1
Male,Yes,2,Graduate,No,-0.07039530488653452,-0.9699371091618103,-0.7306898967248082,0.0,0.0,Semiurban,1
Male,Yes,0,Graduate,No,0.17489501442313957,-0.9699371091618103,-0.17507279810525814,0.0,0.0,Urban,1
Male,Yes,0,Graduate,No,-0.15419358139278064,0.8860471134881055,1.213969948443617,0.0,0.0,Urban,0
Male,No,2,Graduate,No,0.2043076545213584,-0.9699371091618103,0.27952300985619194,0.0,0.0,Rural,1
Male,Yes,0,Graduate,No,2.413030439255528,-0.9699371091618103,0.8856507538047921,0.0,0.0,Semiurban,0
Male,Yes,0,Graduate,Yes,-1.0559962259136413,1.9798424085803483,0.8856507538047921,0.0,0.0,Semiurban,1
Male,Yes,0,Graduate,No,-0.5387777245638308,0.610792154815619,0.708863495153117,0.0,0.0,Rural,1
Female,No,1,Not Graduate,No,0.6688053858837956,-0.9699371091618103,0.17850171919809193,0.0,0.0,Semiurban,1
Male,No,0,Graduate,No,1.1177643639867962,-0.9699371091618103,0.38054430051429194,0.0,0.0,Rural,1
Female,Yes,2,Not Graduate,No,-2.095427827875224,1.137461091488172,-0.6801792513957582,0.0,0.0,Semiurban,1
Male,Yes,0,Graduate,No,0.19265358957678114,0.8007975462352094,-0.3771153794214582,0.0,0.0,Urban,0
Male,Yes,1,Graduate,Yes,-0.2973720935690157,0.5320446732006556,0.936161399133842,0.0,0.0,Semiurban,1
Male,Yes,3+,Graduate,No,0.3913276491081461,-0.9699371091618103,-0.6296686060667082,0.0,0.0,Semiurban,1
Female,No,0,Graduate,Yes,-0.8245797934427497,-0.9699371091618103,-0.8064558647183833,0.0,0.0,Urban,1
Male,No,2,Graduate,No,0.8580452023647884,2.3880288958505713,0.936161399133842,0.0,0.0,Rural,1
Male,Yes,2,Graduate,No,-0.5765146967653191,0.18815658834999005,0.07748042853999192,0.0,0.0,Urban,0
Female,No,0,Not Graduate,No,0.2020878326271532,-0.9699371091618103,0.734118817817642,0.0,0.0,Rural,1
Male,Yes,3+,Not Graduate,No,-0.49438128667972686,-0.9699371091618103,-0.30134941142788313,0.0,0.0,Rural,1
Male,Yes,0,Graduate,No,-1.0559962259136413,1.3057928641146532,0.07748042853999192,0.0,0.0,Semiurban,1
Male,Yes,1,Not Graduate,No,-1.1253656601075537,0.7899607368386549,0.15324639653356692,0.0,0.0,Rural,1
Male,Yes,2,Graduate,Yes,0.33139245796460587,0.5349344890397368,0.8856507538047921,0.0,0.0,Semiurban,1
Male,No,0,Graduate,No,-0.8606518992235841,-0.9699371091618103,-1.2610516726798333,0.0,0.0,Urban,0
Male,No,0,Not Graduate,No,-0.7141436542060412,1.0420971687984917,-0.7306898967248082,0.0,0.0,Semiurban,1
Male,Yes,1,Not Graduate,No,0.74760906312808,-0.15284168066159434,1.5422891430824421,0.0,0.0,Urban,1
Male,No,0,Not Graduate,No,-0.16362782444315271,-0.9699371091618103,-0.3771153794214582,0.0,0.0,Rural,1
Male,Yes,0,Not Graduate,No,-0.7690842460876197,0.2582346224477097,-0.45288134741503316,0.0,0.0,Rural,1
Male,Yes,1,Graduate,Yes,-0.6053723813899866,-0.9699371091618103,-0.7559452193893332,0.0,0.0,Semiurban,1
Female,No,0,Graduate,No,-0.4588641363724437,-0.9699371091618103,-0.6296686060667082,0.0,0.0,Semiurban,1
Male,Yes,2,Graduate,No,0.48788990150607214,3.09314396058639,2.0979062417019922,0.0,0.0,Semiurban,1
Male,Yes,1,Not Graduate,No,0.035601190561763564,2.860513785540351,0.33003365518524197,0.0,0.0,Rural,0
Male,No,0,Graduate,No,-0.223563015586693,-0.9699371091618103,-0.7306898967248082,0.0,0.0,Urban,0
Male,Yes,0,Graduate,Yes,-0.8362338583873269,1.2068166716261213,1.5927997884114922,0.0,0.0,Urban,1
Male,No,0,Not Graduate,No,-0.2152386834834235,-0.04013886293742662,-0.6296686060667082,0.0,0.0,Rural,0
Male,Yes,2,Graduate,No,-0.39004965765208266,0.5002566989707622,0.582586881830492,0.0,0.0,Urban,1
Male,Yes,3+,Graduate,No,-0.28849280599219496,1.506635064930798,0.633097527159542,0.0,0.0,Rural,1
Male,No,0,Graduate,No,0.3868880053197357,0.41356222379832547,1.5170338204179172,0.0,0.0,Semiurban,0
Female,No,0,Not Graduate,No,-0.3251198672465807,-0.9699371091618103,-0.7559452193893332,0.0,0.0,Rural,0
Male,Yes,2,Not Graduate,No,-0.9955060792965497,0.28857768875806256,-2.0187113526155835,0.0,0.0,Semiurban,1
Male,No,0,Graduate,No,-0.8245797934427497,-0.9699371091618103,-1.7661581259703334,0.0,0.0,Semiurban,1
Male,Yes,3+,Graduate,Yes,0.9385137460297268,0.05883732955110529,-0.6296686060667082,0.0,0.0,Rural,1
Male,No,0,Graduate,No,0.38522313889908183,0.537824304878818,0.07748042853999192,0.0,0.0,Semiurban,0
Male,Yes,0,Graduate,No,-0.11701156466484362,-0.9699371091618103,-0.3771153794214582,0.0,0.0,Semiurban,1
Male,No,1,Not Graduate,No,-0.7252427636770672,-0.02930205354087203,-0.7812005420538582,0.0,0.0,Semiurban,1
Male,No,0,Not Graduate,No,1.5522944997774633,-0.9699371091618103,0.12799107386904193,0.0,0.0,Semiurban,1
Male,Yes,0,Graduate,No,-1.6431391169309155,3.0035596695748716,2.2999488230181924,0.0,0.0,Rural,1
Male,Yes,3+,Graduate,No,0.1637959049521136,-0.9699371091618103,-0.6296686060667082,0.0,0.0,Urban,1
Male,No,0,Not Graduate,No,-0.7968320197651847,0.5053138766891543,0.026969783210941903,0.0,0.0,Rural,1
Male,No,2,Graduate,No,-0.20469452948594885,-0.9699371091618103,-0.45288134741503316,0.0,0.0,Semiurban,1
Male,Yes,0,Not Graduate,No,-0.5931633609718581,-0.5827017867249263,-1.4883495766605583,0.0,0.0,Rural,0
Female,No,1,Graduate,No,-0.18527108791165336,-0.9699371091618103,-0.7559452193893332,0.0,0.0,Semiurban,1
Male,Yes,1,Not Graduate,No,-0.9694231720396387,0.8535366852984417,0.07748042853999192,0.0,0.0,Urban,1
Female,Yes,0,Not Graduate,No,-0.5376678136167281,-0.49095013383409747,-0.5791579607376582,0.0,0.0,Semiurban,1
Male,Yes,0,Graduate,No,-0.6758517265310016,0.43884811239028615,0.759374140482167,0.0,0.0,Rural,1
Male,No,0,Graduate,No,-0.8101509511304159,0.3181983011086451,0.506820913836917,0.0,0.0,Rural,1
Male,Yes,0,Graduate,No,-0.6664174834806295,0.48653007373512636,-0.3771153794214582,0.0,0.0,Rural,1
Male,Yes,1,Not Graduate,No,-0.82901943723116,0.7458910452926661,0.07748042853999192,0.0,0.0,Rural,1
Male,Yes,1,Graduate,No,-0.36230188397451774,1.3780382600916838,0.835140108475742,0.0,0.0,Urban,1
Male,Yes,1,Graduate,No,0.8225280520575053,-0.22436462267885462,-2.4985624832415585,0.0,0.0,Semiurban,1
Female,No,0,Graduate,No,-0.7319022293596827,0.20405057546493677,-1.0337537686991083,0.0,0.0,Urban,1
Male,Yes,0,Graduate,No,-0.05485655162709815,0.9582925094651361,0.936161399133842,0.0,0.0,Semiurban,1
Female,Yes,0,Graduate,No,0.10774540212343241,0.6960417220685151,1.441267852424342,0.0,0.0,Semiurban,1
Male,Yes,2,Not Graduate,No,-0.1725071120199735,-0.7951032508973963,-0.42762602475050815,0.0,0.0,Semiurban,1
Male,Yes,0,Graduate,No,1.0750327925233463,0.513983324206398,2.1736722096955674,0.0,0.0,Rural,1
Male,No,0,Not Graduate,Yes,1.0067732692765365,-0.9699371091618103,0.17850171919809193,0.0,0.0,Semiurban,1
Male,Yes,0,Not Graduate,No,0.2670176230326552,-0.9699371091618103,-0.12456215277620812,0.0,0.0,Rural,1
Male,No,0,Graduate,No,-0.36230188397451774,-0.9699371091618103,-1.3873282860024583,0.0,0.0,Urban,1
Male,Yes,1,Graduate,No,-0.3156856241962086,0.294357320436225,1.5422891430824421,0.0,0.0,Urban,1
Male,Yes,3+,Graduate,No,1.3430762862486236,-0.9699371091618103,0.633097527159542,0.0,0.0,Semiurban,0
Male,No,0,Graduate,No,-0.4200172532238528,1.0088642866490576,-0.3771153794214582,0.0,0.0,Urban,1
Male,Yes,1,Graduate,No,-1.2230378234525823,0.6425801290455124,-0.45288134741503316,0.0,0.0,Rural,1
Male,No,0,Graduate,No,-0.44610016048076384,1.137461091488172,0.9109060764693171,0.0,0.0,Urban,1
Male,Yes,2,Graduate,No,1.4174403197044976,-0.9699371091618103,2.022140273708417,0.0,0.0,Semiurban,1
Female,Yes,0,Graduate,No,-0.4549794480575846,-0.9699371091618103,-2.2460092565963086,0.0,0.0,Semiurban,1
Male,Yes,1,Graduate,No,-1.168652187044555,-0.9699371091618103,-1.6146261899831833,0.0,0.0,Rural,0
Male,Yes,0,Graduate,No,-0.9372357545736633,0.12963781760859527,-0.5286473154086082,0.0,0.0,Urban,1
Female,No,0,Not Graduate,No,-1.0104898770824347,-0.9699371091618103,-1.3873282860024583,0.0,0.0,Semiurban,1
Male,No,0,Graduate,No,0.42407002204767275,-0.9699371091618103,-0.7812005420538582,0.0,0.0,Semiurban,1
Male,No,0,Not Graduate,No,-0.08482414719886829,-0.9699371091618103,-0.3771153794214582,0.0,0.0,Rural,1
Male,Yes,2,Not Graduate,Yes,1.3303123103569439,-0.2474831493915044,1.567544465746967,0.0,0.0,Rural,0
Male,Yes,0,Graduate,Yes,3.317052905670594,-0.9699371091618103,1.390757207095292,0.0,0.0,Rural,1
Male,Yes,2,Graduate,No,0.9956741598055106,-0.9699371091618103,1.6938210790695922,0.0,0.0,Urban,1
Male,Yes,0,Not Graduate,No,-0.605927336863538,1.0471543465168838,0.759374140482167,0.0,0.0,Rural,1
Male,Yes,3+,Graduate,No,0.9529425883420606,-0.9699371091618103,0.07748042853999192,0.0,0.0,Urban,1
Male,No,0,Graduate,No,-0.1719521565464222,2.137337371810275,1.1887146257790921,0.0,0.0,Rural,1
Male,Yes,1,Graduate,No,-0.3251198672465807,0.8361977902639544,1.213969948443617,0.0,0.0,Semiurban,1
Male,Yes,2,Not Graduate,No,0.0006389957280317346,0.04944542807409131,0.809884785811217,0.0,0.0,Rural,1
Male,Yes,0,Graduate,No,-0.4183523868031989,0.43884811239028615,-0.42762602475050815,0.0,0.0,Rural,1
Female,No,0,Graduate,No,-0.6025976040222301,-0.9699371091618103,-1.3620729633379334,0.0,0.0,Rural,1
Male,Yes,2,Graduate,No,1.9962588786185025,-0.9699371091618103,1.567544465746967,0.0,0.0,Urban,1
