Gender,Married,Dependents,Education,Self_Employed,ApplicantIncome,CoapplicantIncome,LoanAmount,Loan_Amount_Term,Credit_History,Property_Area,Loan_Status,Total_Income,Income_by_Loan,Loan_to_Income,EMI,Balance_Income
Male,No,0,Graduate,No,5849,0.0,128.0,360.0,1.0,Urban,Y,5849.0,45.34108527131783,0.02188034188034188,0.3545706371191136,5721.0
Male,Yes,1,Graduate,No,4583,1508.0,128.0,360.0,1.0,Rural,N,6091.0,47.21705426356589,0.021011162179908074,0.3545706371191136,5963.0
Male,Yes,0,Graduate,Yes,3000,0.0,66.0,360.0,1.0,Urban,Y,3000.0,44.776119402985074,0.021992669110296566,0.18282548476454294,2934.0
Male,Yes,0,Not Graduate,No,2583,2358.0,120.0,360.0,1.0,Urban,Y,4941.0,40.83471074380165,0.024281667341157425,0.33240997229916897,4821.0
Male,No,0,Graduate,No,6000,0.0,141.0,360.0,1.0,Urban,Y,6000.0,42.25352112676056,0.023496083986002333,0.39058171745152354,5859.0
Male,Yes,2,Graduate,Yes,5417,4196.0,267.0,360.0,1.0,Urban,Y,9613.0,35.86940298507463,0.027771999167880174,0.739612188365651,9346.0
Male,Yes,0,Not Graduate,No,2333,1516.0,95.0,360.0,1.0,Urban,Y,3849.0,40.09375,0.024675324675324677,0.2631578947368421,3754.0
Male,Yes,3+,Graduate,No,3036,2504.0,158.0,360.0,0.0,Semiurban,N,5540.0,34.84276729559748,0.02851470853636528,0.4376731301939058,5382.0
Male,Yes,2,Graduate,No,4006,1526.0,168.0,360.0,1.0,Urban,Y,5532.0,32.73372781065089,0.030363274896078075,0.46537396121883656,5364.0
Male,Yes,1,Graduate,No,12841,10968.0,349.0,360.0,1.0,Semiurban,N,23809.0,68.02571428571429,0.014657706845863082,0.9667590027700831,23460.0
Male,Yes,2,Graduate,No,3200,700.0,70.0,360.0,1.0,Urban,Y,3900.0,54.929577464788736,0.017944116893104333,0.19390581717451524,3830.0
Male,Yes,2,Graduate,No,2500,1840.0,109.0,360.0,1.0,Urban,Y,4340.0,39.45454545454545,0.025109421792213777,0.30193905817174516,4231.0
Male,Yes,2,Graduate,No,3073,8106.0,200.0,360.0,1.0,Urban,Y,11179.0,55.61691542288557,0.017889087656529516,0.554016620498615,10979.0
Male,No,0,Graduate,No,1853,2840.0,114.0,360.0,1.0,Rural,N,4693.0,40.80869565217391,0.024286322965487855,0.3157894736842105,4579.0
Male,Yes,2,Graduate,No,1299,1086.0,17.0,120.0,1.0,Urban,Y,2385.0,132.5,0.007124895222129086,0.14049586776859505,2368.0
Male,No,0,Graduate,No,4950,0.0,125.0,360.0,1.0,Urban,Y,4950.0,39.285714285714285,0.025247424762674206,0.3462603878116344,4825.0
Male,No,1,Not Graduate,No,3596,0.0,100.0,240.0,1.0,Urban,Y,3596.0,35.603960396039604,0.027800945232137893,0.4149377593360996,3496.0
Female,No,0,Graduate,No,3510,0.0,76.0,360.0,0.0,Urban,N,3510.0,45.58441558441559,0.02164625462831102,0.21052631578947367,3434.0
Male,Yes,0,Not Graduate,No,4887,0.0,133.0,360.0,1.0,Rural,N,4887.0,36.47014925373134,0.02720949263502455,0.3684210526315789,4754.0
Male,Yes,0,Graduate,No,2600,3500.0,115.0,360.0,1.0,Urban,Y,6100.0,52.58620689655172,0.018849368955908868,0.3185595567867036,5985.0
Male,Yes,0,Not Graduate,No,7660,0.0,104.0,360.0,0.0,Urban,N,7660.0,72.95238095238095,0.013575251272679808,0.2880886426592798,7556.0
Male,Yes,1,Graduate,No,5955,5625.0,315.0,360.0,1.0,Urban,Y,11580.0,36.64556962025316,0.027199723685346688,0.8725761772853186,11265.0
Male,Yes,0,Not Graduate,No,2600,1911.0,116.0,360.0,0.0,Semiurban,N,4511.0,38.55555555555556,0.025709219858156027,0.32132963988919666,4395.0
Male,Yes,2,Not Graduate,No,3365,1917.0,112.0,360.0,0.0,Rural,N,5282.0,46.743362831858406,0.021200075714556125,0.31024930747922436,5170.0
Male,Yes,1,Graduate,No,3717,2925.0,151.0,360.0,1.0,Semiurban,N,6642.0,43.69736842105263,0.022730693963570674,0.4182825484764543,6491.0
Male,Yes,0,Graduate,Yes,9560,0.0,191.0,360.0,1.0,Semiurban,Y,9560.0,49.791666666666664,0.019976989854617717,0.5290858725761773,9369.0
Male,Yes,0,Graduate,No,2799,2253.0,122.0,360.0,1.0,Semiurban,Y,5052.0,41.073170731707314,0.02414407282802296,0.3379501385041551,4930.0
Male,Yes,2,Not Graduate,No,4226,1040.0,110.0,360.0,1.0,Urban,Y,5266.0,47.44144144144144,0.020884754129485476,0.3047091412742382,5156.0
Male,No,0,Not Graduate,No,1442,0.0,35.0,360.0,1.0,Urban,N,1442.0,40.05555555555556,0.024255024255024255,0.09695290858725762,1407.0
Female,No,2,Graduate,No,3750,2083.0,120.0,360.0,1.0,Semiurban,Y,5833.0,48.20661157024794,0.02056907781967775,0.33240997229916897,5713.0
Male,Yes,1,Graduate,No,4166,3369.0,201.0,360.0,1.0,Urban,N,7535.0,37.301980198019805,0.026671974522292995,0.556786703601108,7334.0
Male,No,0,Graduate,No,3167,0.0,74.0,360.0,1.0,Urban,N,3167.0,42.22666666666667,0.02335858585858586,0.20498614958448755,3093.0
Male,No,1,Graduate,Yes,4692,0.0,106.0,360.0,1.0,Rural,N,4692.0,43.850467289719624,0.02258683145109738,0.29362880886426596,4586.0
Male,Yes,0,Graduate,No,3500,1667.0,114.0,360.0,1.0,Semiurban,Y,5167.0,44.93043478260869,0.022058823529411766,0.3157894736842105,5053.0
Male,No,3+,Graduate,No,12500,3000.0,320.0,360.0,1.0,Rural,N,15500.0,48.28660436137071,0.02064382943035933,0.8864265927977839,15180.0
Male,Yes,0,Graduate,No,2275,2067.0,128.0,360.0,1.0,Urban,Y,4342.0,33.65891472868217,0.029472714713331797,0.3545706371191136,4214.0
Male,Yes,0,Graduate,No,1828,1330.0,100.0,360.0,0.0,Urban,N,3158.0,31.26732673267327,0.03165558721114277,0.2770083102493075,3058.0
Female,Yes,0,Graduate,No,3667,1459.0,144.0,360.0,1.0,Semiurban,Y,5126.0,35.351724137931036,0.028086600351082503,0.3988919667590028,4982.0
Male,No,0,Graduate,No,4166,7210.0,184.0,360.0,1.0,Urban,Y,11376.0,61.49189189189189,0.016172980574843985,0.5096952908587258,11192.0
Male,No,0,Not Graduate,No,3748,1668.0,110.0,360.0,1.0,Semiurban,Y,5416.0,48.792792792792795,0.020306442680450433,0.3047091412742382,5306.0
Male,No,0,Graduate,No,3600,0.0,80.0,360.0,1.0,Urban,N,3600.0,44.44444444444444,0.022216051096917523,0.22160664819944598,3520.0
Male,No,0,Graduate,No,1800,1213.0,47.0,360.0,1.0,Urban,Y,3013.0,62.770833333333336,0.015593895155938951,0.13019390581717452,2966.0
Male,Yes,0,Graduate,No,2400,0.0,75.0,360.0,1.0,Urban,Y,2400.0,31.57894736842105,0.03123698458975427,0.2077562326869806,2325.0
Male,Yes,0,Graduate,No,3941,2336.0,134.0,360.0,1.0,Semiurban,Y,6277.0,46.49629629629629,0.021344377190187957,0.37119113573407203,6143.0
Male,Yes,0,Not Graduate,Yes,4695,0.0,96.0,360.0,1.0,Urban,Y,4695.0,48.402061855670105,0.020442930153321975,0.2659279778393352,4599.0
Female,No,0,Graduate,No,3410,0.0,88.0,360.0,1.0,Urban,Y,3410.0,38.31460674157304,0.0257988859571973,0.24376731301939059,3322.0
Male,Yes,1,Graduate,No,5649,0.0,44.0,360.0,1.0,Urban,Y,5649.0,125.53333333333333,0.007787610619469027,0.12188365650969529,5605.0
Male,Yes,0,Graduate,No,5821,0.0,144.0,360.0,1.0,Urban,Y,5821.0,40.144827586206894,0.024733768464445208,0.3988919667590028,5677.0
Female,Yes,0,Graduate,No,2645,3440.0,120.0,360.0,0.0,Urban,N,6085.0,50.289256198347104,0.019717384160368057,0.33240997229916897,5965.0
Female,No,0,Graduate,No,4000,2275.0,144.0,360.0,1.0,Semiurban,Y,6275.0,43.275862068965516,0.022944550669216062,0.3988919667590028,6131.0
Female,Yes,0,Not Graduate,No,1928,1644.0,100.0,360.0,1.0,Semiurban,Y,3572.0,35.366336633663366,0.027987685418415897,0.2770083102493075,3472.0
Female,No,0,Graduate,No,3086,0.0,120.0,360.0,1.0,Semiurban,Y,3086.0,25.50413223140496,0.038872691933916424,0.33240997229916897,2966.0
Female,No,0,Graduate,No,4230,0.0,112.0,360.0,1.0,Semiurban,N,4230.0,37.43362831858407,0.02647128338454266,0.31024930747922436,4118.0
Male,Yes,2,Graduate,No,4616,0.0,134.0,360.0,1.0,Urban,N,4616.0,34.19259259259259,0.02902317522200563,0.37119113573407203,4482.0
Female,Yes,1,Graduate,Yes,11500,0.0,286.0,360.0,0.0,Urban,N,11500.0,40.069686411149824,0.024867402834536128,0.7922437673130194,11214.0
Male,Yes,2,Graduate,No,2708,1167.0,97.0,360.0,1.0,Semiurban,Y,3875.0,39.54081632653061,0.02502579979360165,0.26869806094182824,3778.0
Male,Yes,0,Graduate,No,2132,1591.0,96.0,360.0,1.0,Semiurban,Y,3723.0,38.381443298969074,0.02577873254564984,0.2659279778393352,3627.0
Male,Yes,0,Graduate,No,3366,2200.0,135.0,360.0,1.0,Rural,N,5566.0,40.9264705882353,0.02425004490749057,0.3739612188365651,5431.0
Male,Yes,1,Graduate,No,8080,2250.0,180.0,360.0,1.0,Urban,Y,10330.0,57.07182320441989,0.017423289129803503,0.4986149584487535,10150.0
Male,Yes,2,Not Graduate,No,3357,2859.0,144.0,360.0,1.0,Urban,Y,6216.0,42.86896551724138,0.023162296927778672,0.3988919667590028,6072.0
Male,Yes,0,Graduate,No,2500,3796.0,120.0,360.0,1.0,Urban,Y,6296.0,52.03305785123967,0.019056693663649357,0.33240997229916897,6176.0
Male,Yes,3+,Graduate,No,3029,0.0,99.0,360.0,1.0,Urban,Y,3029.0,30.29,0.032673267326732675,0.2742382271468144,2930.0
Male,Yes,0,Not Graduate,Yes,2609,3449.0,165.0,180.0,0.0,Rural,N,6058.0,36.493975903614455,0.027232216537382406,0.9116022099447514,5893.0
Male,Yes,1,Graduate,No,4945,0.0,128.0,360.0,0.0,Rural,N,4945.0,38.333333333333336,0.02587949858471492,0.3545706371191136,4817.0
Female,No,0,Graduate,No,4166,0.0,116.0,360.0,0.0,Semiurban,N,4166.0,35.60683760683761,0.027837772978161746,0.32132963988919666,4050.0
Male,Yes,0,Graduate,No,5726,4595.0,258.0,360.0,1.0,Semiurban,N,10321.0,39.84942084942085,0.024995155977523737,0.7146814404432132,10063.0
Male,No,0,Not Graduate,No,3200,2254.0,126.0,180.0,0.0,Urban,N,5454.0,42.94488188976378,0.0230980751604033,0.6961325966850829,5328.0
Male,Yes,1,Graduate,No,10750,0.0,312.0,360.0,1.0,Urban,Y,10750.0,34.34504792332268,0.02902055622732769,0.8642659279778393,10438.0
Male,Yes,3+,Not Graduate,Yes,7100,0.0,125.0,60.0,1.0,Urban,Y,7100.0,56.34920634920635,0.017603154485283764,2.0491803278688523,6975.0
Female,No,0,Graduate,No,4300,0.0,136.0,360.0,0.0,Semiurban,N,4300.0,31.386861313868614,0.03162055335968379,0.3767313019390582,4164.0
Male,Yes,0,Graduate,No,3208,3066.0,172.0,360.0,1.0,Urban,Y,6274.0,36.26589595375722,0.02741035856573705,0.47645429362880887,6102.0
Male,Yes,2,Not Graduate,Yes,1875,1875.0,97.0,360.0,1.0,Semiurban,Y,3750.0,38.265306122448976,0.025859770727805917,0.26869806094182824,3653.0
Male,No,0,Graduate,No,3500,0.0,81.0,300.0,1.0,Semiurban,Y,3500.0,42.68292682926829,0.02313624678663239,0.2691029900332226,3419.0
Male,Yes,3+,Not Graduate,No,4755,0.0,95.0,360.0,0.0,Semiurban,N,4755.0,49.53125,0.019974768713204374,0.2631578947368421,4660.0
Male,Yes,3+,Graduate,Yes,5266,1774.0,187.0,360.0,1.0,Semiurban,Y,7040.0,37.4468085106383,0.02655872745348672,0.518005540166205,6853.0
Male,No,0,Graduate,No,3750,0.0,113.0,480.0,1.0,Urban,N,3750.0,32.89473684210526,0.030125299920021328,0.23492723492723494,3637.0
Male,No,0,Graduate,No,3750,4750.0,176.0,360.0,1.0,Urban,N,8500.0,48.0225988700565,0.0207034466533349,0.48753462603878117,8324.0
Male,Yes,1,Graduate,Yes,1000,3022.0,110.0,360.0,1.0,Urban,N,4022.0,36.234234234234236,0.02734277902063137,0.3047091412742382,3912.0
Male,Yes,3+,Graduate,No,3167,4000.0,180.0,300.0,0.0,Semiurban,N,7167.0,39.59668508287293,0.025111607142857144,0.5980066445182725,6987.0
Male,Yes,3+,Not Graduate,Yes,3333,2166.0,130.0,360.0,1.0,Semiurban,Y,5499.0,41.97709923664122,0.023636363636363636,0.3601108033240997,5369.0
Female,No,0,Graduate,No,3846,0.0,111.0,360.0,1.0,Semiurban,Y,3846.0,34.339285714285715,0.028853652196516765,0.3074792243767313,3735.0
Male,Yes,1,Graduate,Yes,2395,0.0,128.0,360.0,1.0,Semiurban,Y,2395.0,18.565891472868216,0.05342237061769616,0.3545706371191136,2267.0
Female,Yes,2,Graduate,No,1378,1881.0,167.0,360.0,1.0,Urban,N,3259.0,19.398809523809526,0.05122699386503068,0.4626038781163435,3092.0
Male,Yes,0,Graduate,No,6000,2250.0,265.0,360.0,1.0,Semiurban,N,8250.0,31.015037593984964,0.03211731911283481,0.7340720221606648,7985.0
Male,Yes,1,Graduate,No,3988,0.0,50.0,240.0,1.0,Urban,Y,3988.0,78.19607843137256,0.012534469791927802,0.2074688796680498,3938.0
Male,No,0,Graduate,No,2366,2531.0,136.0,360.0,1.0,Semiurban,Y,4897.0,35.74452554744526,0.027766435279706004,0.3767313019390582,4761.0
Male,Yes,2,Not Graduate,No,3333,2000.0,99.0,360.0,1.0,Semiurban,Y,5333.0,53.33,0.01856017997750281,0.2742382271468144,5234.0
Male,Yes,0,Graduate,No,2500,2118.0,104.0,360.0,1.0,Semiurban,Y,4618.0,43.98095238095238,0.022515696038103484,0.2880886426592798,4514.0
Male,No,0,Graduate,No,8566,0.0,210.0,360.0,1.0,Urban,Y,8566.0,40.59715639810427,0.02451266487685304,0.5817174515235457,8356.0
Male,Yes,0,Graduate,No,5695,4167.0,175.0,360.0,1.0,Semiurban,Y,9862.0,56.03409090909091,0.017743080198722498,0.48476454293628807,9687.0
Male,Yes,0,Graduate,No,2958,2900.0,131.0,360.0,1.0,Semiurban,Y,5858.0,44.378787878787875,0.022358764294248164,0.3628808864265928,5727.0
Male,Yes,2,Graduate,No,6250,5654.0,188.0,180.0,1.0,Semiurban,Y,11904.0,62.98412698412698,0.015791684166316673,1.0386740331491713,11716.0
Male,Yes,2,Not Graduate,No,3273,1820.0,81.0,360.0,1.0,Urban,Y,5093.0,62.109756097560975,0.015901060070671377,0.22437673130193905,5012.0
Male,No,0,Graduate,No,4133,0.0,122.0,360.0,1.0,Semiurban,Y,4133.0,33.60162601626016,0.029511369134010642,0.3379501385041551,4011.0
Male,No,0,Not Graduate,No,3620,0.0,25.0,120.0,1.0,Semiurban,Y,3620.0,139.23076923076923,0.006904170118751726,0.2066115702479339,3595.0
Male,No,0,Graduate,No,6782,0.0,128.0,360.0,1.0,Urban,N,6782.0,52.57364341085271,0.018870706177207725,0.3545706371191136,6654.0
Female,Yes,0,Graduate,No,2484,2302.0,137.0,360.0,1.0,Semiurban,Y,4786.0,34.68115942028985,0.028619176937539167,0.37950138504155123,4649.0
Male,Yes,0,Graduate,No,1977,997.0,50.0,360.0,1.0,Semiurban,Y,2974.0,58.31372549019608,0.01680672268907563,0.13850415512465375,2924.0
Male,Yes,0,Not Graduate,No,4188,0.0,115.0,180.0,1.0,Semiurban,Y,4188.0,36.10344827586207,0.027452852709477202,0.6353591160220995,4073.0
Male,Yes,0,Graduate,No,1759,3541.0,131.0,360.0,1.0,Semiurban,Y,5300.0,40.15151515151515,0.024712318430484815,0.3628808864265928,5169.0
Male,Yes,2,Not Graduate,No,4288,3263.0,133.0,180.0,1.0,Urban,Y,7551.0,56.350746268656714,0.017611228813559324,0.7348066298342542,7418.0
Male,No,0,Graduate,No,4843,3806.0,151.0,360.0,1.0,Semiurban,Y,8649.0,56.901315789473685,0.017456647398843932,0.4182825484764543,8498.0
Male,Yes,0,Graduate,No,13650,0.0,128.0,360.0,1.0,Urban,Y,13650.0,105.81395348837209,0.0093766024467072,0.3545706371191136,13522.0
Male,Yes,0,Graduate,No,4652,3583.0,128.0,360.0,1.0,Semiurban,Y,8235.0,63.83720930232558,0.015541525012141816,0.3545706371191136,8107.0
Male,Yes,0,Graduate,No,3816,754.0,160.0,360.0,1.0,Urban,Y,4570.0,28.385093167701864,0.03500328155764603,0.44321329639889195,4410.0
Male,Yes,1,Graduate,No,3052,1030.0,100.0,360.0,1.0,Urban,Y,4082.0,40.415841584158414,0.02449179524859172,0.2770083102493075,3982.0
Male,Yes,2,Graduate,No,11417,1126.0,225.0,360.0,1.0,Urban,Y,12543.0,55.5,0.01793686224489796,0.6232686980609419,12318.0
Male,No,0,Not Graduate,No,7333,0.0,120.0,360.0,1.0,Rural,N,7333.0,60.603305785123965,0.01636214889555495,0.33240997229916897,7213.0
Male,Yes,2,Graduate,No,3800,3600.0,216.0,360.0,0.0,Urban,N,7400.0,34.10138248847926,0.029185245237130116,0.5983379501385041,7184.0
Male,Yes,3+,Not Graduate,No,2071,754.0,94.0,480.0,1.0,Semiurban,Y,2825.0,29.736842105263158,0.03326256192498231,0.19542619542619544,2731.0
Male,No,0,Graduate,No,5316,0.0,136.0,360.0,1.0,Urban,Y,5316.0,38.802919708029194,0.025578333646793305,0.3767313019390582,5180.0
Female,Yes,0,Graduate,No,2929,2333.0,139.0,360.0,1.0,Semiurban,Y,5262.0,37.58571428571429,0.026410792323769715,0.3850415512465374,5123.0
Male,Yes,0,Not Graduate,No,3572,4114.0,152.0,360.0,0.0,Rural,N,7686.0,50.23529411764706,0.01977364381423182,0.42105263157894735,7534.0
Female,No,1,Graduate,Yes,7451,0.0,128.0,360.0,1.0,Semiurban,Y,7451.0,57.75968992248062,0.017176596886741814,0.3545706371191136,7323.0
Male,No,0,Graduate,No,5050,0.0,118.0,360.0,1.0,Semiurban,Y,5050.0,42.436974789915965,0.02336171055236587,0.3268698060941828,4932.0
Male,Yes,1,Graduate,No,14583,0.0,185.0,180.0,1.0,Rural,Y,14583.0,78.40322580645162,0.012685134393856282,1.022099447513812,14398.0
Female,Yes,0,Graduate,No,3167,2283.0,154.0,360.0,1.0,Semiurban,Y,5450.0,35.16129032258065,0.028251696936341955,0.4265927977839335,5296.0
Male,Yes,1,Graduate,No,2214,1398.0,85.0,360.0,1.0,Urban,Y,3612.0,42.0,0.023526155549404928,0.23545706371191136,3527.0
Male,Yes,0,Graduate,No,5568,2142.0,175.0,360.0,1.0,Rural,N,7710.0,43.80681818181818,0.022694851510828687,0.48476454293628807,7535.0
Female,No,0,Graduate,No,10408,0.0,259.0,360.0,1.0,Urban,Y,10408.0,40.03076923076923,0.02488231338264963,0.7174515235457064,10149.0
Male,Yes,0,Graduate,No,5667,2667.0,180.0,360.0,1.0,Rural,Y,8334.0,46.04419889502763,0.021595680863827234,0.4986149584487535,8154.0
Female,No,0,Graduate,No,4166,0.0,44.0,360.0,1.0,Semiurban,Y,4166.0,92.57777777777778,0.010559155267578594,0.12188365650969529,4122.0
Female,No,0,Graduate,No,2137,8980.0,137.0,360.0,0.0,Semiurban,Y,11117.0,80.55797101449275,0.012322360136715237,0.37950138504155123,10980.0
Male,Yes,2,Graduate,No,2957,0.0,81.0,360.0,1.0,Semiurban,Y,2957.0,36.0609756097561,0.02738336713995943,0.22437673130193905,2876.0
Male,Yes,0,Not Graduate,No,4300,2014.0,194.0,360.0,1.0,Rural,Y,6314.0,32.37948717948718,0.030720506730007917,0.5373961218836565,6120.0
Female,No,0,Graduate,No,3692,0.0,93.0,360.0,1.0,Rural,Y,3692.0,39.276595744680854,0.025182778229082048,0.25761772853185594,3599.0
Male,Yes,3+,Graduate,No,23803,0.0,370.0,360.0,1.0,Rural,Y,23803.0,64.15902964959568,0.015543606116619056,1.0249307479224377,23433.0
Male,No,0,Graduate,No,3865,1640.0,128.0,360.0,1.0,Rural,Y,5505.0,42.674418604651166,0.023247366509262624,0.3545706371191136,5377.0
Male,Yes,1,Graduate,Yes,10513,3850.0,160.0,180.0,0.0,Urban,N,14363.0,89.2111801242236,0.01113895850737956,0.8839779005524862,14203.0
Male,Yes,0,Graduate,No,6080,2569.0,182.0,360.0,1.0,Rural,N,8649.0,47.26229508196721,0.021040462427745665,0.5041551246537396,8467.0
Male,No,0,Graduate,Yes,20166,0.0,650.0,480.0,1.0,Urban,Y,20166.0,30.976958525345623,0.03223087221698815,1.3513513513513513,19516.0
Male,No,0,Graduate,No,2014,1929.0,74.0,360.0,1.0,Urban,Y,3943.0,52.57333333333333,0.018762677484787018,0.20498614958448755,3869.0
Male,No,0,Graduate,No,2718,0.0,70.0,360.0,1.0,Semiurban,Y,2718.0,38.28169014084507,0.025744759102611255,0.19390581717451524,2648.0
Male,Yes,0,Graduate,Yes,3459,0.0,25.0,120.0,1.0,Semiurban,Y,3459.0,133.03846153846155,0.0072254335260115606,0.2066115702479339,3434.0
Male,No,0,Graduate,No,4895,0.0,102.0,360.0,1.0,Semiurban,Y,4895.0,47.52427184466019,0.020833333333333332,0.28254847645429365,4793.0
Male,Yes,3+,Graduate,No,4000,7750.0,290.0,360.0,1.0,Semiurban,N,11750.0,40.37800687285223,0.024678750744617478,0.8033240997229917,11460.0
Female,Yes,0,Graduate,No,4583,0.0,84.0,360.0,1.0,Rural,N,4583.0,53.917647058823526,0.01832460732984293,0.23268698060941828,4499.0
Male,Yes,2,Graduate,Yes,3316,3500.0,88.0,360.0,1.0,Urban,Y,6816.0,76.58426966292134,0.012908904210063077,0.24376731301939059,6728.0
Male,No,0,Graduate,No,14999,0.0,242.0,360.0,0.0,Semiurban,N,14999.0,61.724279835390945,0.016133333333333333,0.6703601108033241,14757.0
Male,Yes,2,Not Graduate,No,4200,1430.0,129.0,360.0,1.0,Rural,N,5630.0,43.30769230769231,0.02290889717634523,0.3573407202216066,5501.0
Male,Yes,2,Graduate,No,5042,2083.0,185.0,360.0,1.0,Rural,N,7125.0,38.306451612903224,0.02596126859388156,0.5124653739612188,6940.0
Male,No,0,Graduate,No,5417,0.0,168.0,360.0,1.0,Urban,Y,5417.0,32.053254437869825,0.031007751937984496,0.46537396121883656,5249.0
Male,No,0,Graduate,Yes,6950,0.0,175.0,180.0,1.0,Semiurban,Y,6950.0,39.48863636363637,0.025176233635448138,0.9668508287292817,6775.0
Male,Yes,0,Graduate,No,2698,2034.0,122.0,360.0,1.0,Semiurban,Y,4732.0,38.47154471544715,0.025776463131206424,0.3379501385041551,4610.0
Male,Yes,2,Graduate,No,11757,0.0,187.0,180.0,1.0,Urban,Y,11757.0,62.537234042553195,0.01590406531723082,1.0331491712707181,11570.0
Female,Yes,0,Graduate,No,2330,4486.0,100.0,360.0,1.0,Semiurban,Y,6816.0,67.48514851485149,0.014669209329617133,0.2770083102493075,6716.0
Female,Yes,2,Graduate,No,14866,0.0,70.0,360.0,1.0,Urban,Y,14866.0,209.38028169014083,0.004708414609537903,0.19390581717451524,14796.0
Male,Yes,1,Graduate,No,1538,1425.0,30.0,360.0,1.0,Urban,Y,2963.0,95.58064516129032,0.010121457489878543,0.08310249307479224,2933.0
Female,No,0,Graduate,No,10000,1666.0,225.0,360.0,1.0,Rural,N,11666.0,51.61946902654867,0.019285163281049112,0.6232686980609419,11441.0
Male,Yes,0,Graduate,No,4860,830.0,125.0,360.0,1.0,Semiurban,Y,5690.0,45.15873015873016,0.021964505359339307,0.3462603878116344,5565.0
Male,No,0,Graduate,No,6277,0.0,118.0,360.0,0.0,Rural,N,6277.0,52.747899159663866,0.01879579483912074,0.3268698060941828,6159.0
Male,Yes,0,Graduate,Yes,2577,3750.0,152.0,360.0,1.0,Rural,Y,6327.0,41.35294117647059,0.02402022756005057,0.42105263157894735,6175.0
Male,No,0,Graduate,No,9166,0.0,244.0,360.0,1.0,Urban,N,9166.0,37.412244897959184,0.026617213919493836,0.6759002770083102,8922.0
Male,Yes,2,Not Graduate,No,2281,0.0,113.0,360.0,1.0,Rural,N,2281.0,20.00877192982456,0.04951796669588081,0.31301939058171746,2168.0
Male,No,0,Graduate,No,3254,0.0,50.0,360.0,1.0,Urban,Y,3254.0,63.80392156862745,0.015360983102918587,0.13850415512465375,3204.0
Male,Yes,3+,Graduate,No,39999,0.0,600.0,180.0,0.0,Semiurban,Y,39999.0,66.5540765391015,0.015,3.314917127071823,39399.0
Male,Yes,1,Graduate,No,6000,0.0,160.0,360.0,1.0,Rural,Y,6000.0,37.267080745341616,0.026662222962839526,0.44321329639889195,5840.0
Male,Yes,1,Graduate,No,9538,0.0,187.0,360.0,1.0,Urban,Y,9538.0,50.734042553191486,0.01960373204738442,0.518005540166205,9351.0
Male,No,0,Graduate,No,2980,2083.0,120.0,360.0,1.0,Rural,Y,5063.0,41.84297520661157,0.023696682464454975,0.33240997229916897,4943.0
Male,Yes,0,Graduate,No,4583,5625.0,255.0,360.0,1.0,Semiurban,Y,10208.0,39.875,0.024977960622979724,0.7063711911357341,9953.0
Male,Yes,0,Not Graduate,No,1863,1041.0,98.0,360.0,1.0,Semiurban,Y,2904.0,29.333333333333332,0.033734939759036145,0.27146814404432135,2806.0
Male,Yes,0,Graduate,No,7933,0.0,275.0,360.0,1.0,Urban,N,7933.0,28.742753623188406,0.034660952861104107,0.7617728531855956,7658.0
Male,Yes,1,Graduate,No,3089,1280.0,121.0,360.0,0.0,Semiurban,N,4369.0,35.81147540983606,0.02768878718535469,0.33518005540166207,4248.0
Male,Yes,2,Graduate,No,4167,1447.0,158.0,360.0,1.0,Rural,Y,5614.0,35.308176100628934,0.028138913624220836,0.4376731301939058,5456.0
Male,Yes,0,Graduate,No,9323,0.0,75.0,180.0,1.0,Urban,Y,9323.0,122.67105263157895,0.008043758043758044,0.4143646408839779,9248.0
Male,Yes,0,Graduate,No,3707,3166.0,182.0,360.0,1.0,Rural,Y,6873.0,37.557377049180324,0.026476578411405296,0.5041551246537396,6691.0
Female,Yes,0,Graduate,No,4583,0.0,112.0,360.0,1.0,Rural,N,4583.0,40.557522123893804,0.02443280977312391,0.31024930747922436,4471.0
Male,Yes,0,Graduate,No,2439,3333.0,129.0,360.0,1.0,Rural,Y,5772.0,44.4,0.022345401004676944,0.3573407202216066,5643.0
Male,No,0,Graduate,No,2237,0.0,63.0,480.0,0.0,Semiurban,N,2237.0,34.953125,0.028150134048257374,0.13097713097713098,2174.0
Male,Yes,2,Graduate,No,8000,0.0,200.0,360.0,1.0,Semiurban,Y,8000.0,39.80099502487562,0.024996875390576177,0.554016620498615,7800.0
Male,Yes,0,Not Graduate,No,1820,1769.0,95.0,360.0,1.0,Rural,Y,3589.0,37.385416666666664,0.026462395543175487,0.2631578947368421,3494.0
Male,Yes,3+,Graduate,No,51763,0.0,700.0,300.0,1.0,Urban,Y,51763.0,73.8416547788873,0.01352291167606831,2.3255813953488373,51063.0
Male,Yes,3+,Not Graduate,No,3522,0.0,81.0,180.0,1.0,Rural,N,3522.0,42.951219512195124,0.022991768379222254,0.44751381215469616,3441.0
Male,Yes,0,Graduate,No,5708,5625.0,187.0,360.0,1.0,Semiurban,Y,11333.0,60.28191489361702,0.016499029468854773,0.518005540166205,11146.0
Male,Yes,0,Not Graduate,Yes,4344,736.0,87.0,360.0,1.0,Semiurban,N,5080.0,57.72727272727273,0.017122613658728598,0.2409972299168975,4993.0
Male,Yes,0,Graduate,No,3497,1964.0,116.0,360.0,1.0,Rural,Y,5461.0,46.675213675213676,0.021237641889417794,0.32132963988919666,5345.0
Male,Yes,2,Graduate,No,2045,1619.0,101.0,360.0,1.0,Rural,Y,3664.0,35.92156862745098,0.027557980900409278,0.27977839335180055,3563.0
Male,Yes,3+,Graduate,No,5516,11300.0,495.0,360.0,0.0,Semiurban,N,16816.0,33.903225806451616,0.02943450080275911,1.371191135734072,16321.0
Male,Yes,1,Graduate,No,3750,0.0,116.0,360.0,1.0,Semiurban,Y,3750.0,32.05128205128205,0.030925086643561715,0.32132963988919666,3634.0
Male,No,0,Not Graduate,No,2333,1451.0,102.0,480.0,0.0,Urban,N,3784.0,36.737864077669904,0.026948480845442536,0.21205821205821207,3682.0
Male,Yes,1,Graduate,No,6400,7250.0,180.0,360.0,0.0,Urban,N,13650.0,75.41436464088397,0.013185847190682002,0.4986149584487535,13470.0
Male,No,0,Graduate,No,1916,5063.0,67.0,360.0,1.0,Rural,N,6979.0,102.63235294117646,0.009598853868194842,0.18559556786703602,6912.0
Male,Yes,0,Graduate,No,4600,0.0,73.0,180.0,1.0,Semiurban,Y,4600.0,62.16216216216216,0.01586611606172571,0.40331491712707185,4527.0
Male,Yes,1,Graduate,No,33846,0.0,260.0,360.0,1.0,Semiurban,N,33846.0,129.67816091954023,0.0076816261411646524,0.7202216066481995,33586.0
Female,Yes,0,Graduate,No,3625,0.0,108.0,360.0,1.0,Semiurban,Y,3625.0,33.25688073394495,0.02978488692774407,0.29916897506925205,3517.0
Male,Yes,0,Graduate,Yes,39147,4750.0,120.0,360.0,1.0,Semiurban,Y,43897.0,362.78512396694214,0.0027336097316506447,0.33240997229916897,43777.0
Male,Yes,1,Graduate,Yes,2178,0.0,66.0,300.0,0.0,Rural,N,2178.0,32.507462686567166,0.030289123451124368,0.21926910299003322,2112.0
Male,Yes,0,Graduate,No,2383,2138.0,58.0,360.0,1.0,Rural,Y,4521.0,76.62711864406779,0.012826183104820876,0.16066481994459833,4463.0
Male,Yes,0,Graduate,Yes,674,5296.0,168.0,360.0,1.0,Rural,Y,5970.0,35.32544378698225,0.02813599062133646,0.46537396121883656,5802.0
Male,Yes,0,Graduate,No,9328,0.0,188.0,180.0,1.0,Rural,Y,9328.0,49.354497354497354,0.020152213527709295,1.0386740331491713,9140.0
Male,No,0,Not Graduate,No,4885,0.0,48.0,360.0,1.0,Rural,Y,4885.0,99.6938775510204,0.009823986901350798,0.1329639889196676,4837.0
Male,No,0,Graduate,No,12000,0.0,164.0,360.0,1.0,Semiurban,N,12000.0,72.72727272727273,0.013665527872677276,0.45429362880886426,11836.0
Male,Yes,0,Not Graduate,No,6033,0.0,160.0,360.0,1.0,Urban,N,6033.0,37.47204968944099,0.026516407026847863,0.44321329639889195,5873.0
Male,No,0,Graduate,No,3858,0.0,76.0,360.0,1.0,Semiurban,Y,3858.0,50.103896103896105,0.019694221300855144,0.21052631578947367,3782.0
Male,No,0,Graduate,No,4191,0.0,120.0,360.0,1.0,Rural,Y,4191.0,34.63636363636363,0.02862595419847328,0.33240997229916897,4071.0
Male,Yes,1,Graduate,No,3125,2583.0,170.0,360.0,1.0,Semiurban,N,5708.0,33.380116959064324,0.02977754422841128,0.4709141274238227,5538.0
Male,No,0,Graduate,No,8333,3750.0,187.0,360.0,1.0,Rural,Y,12083.0,64.27127659574468,0.015475008275405495,0.518005540166205,11896.0
Female,No,0,Not Graduate,No,1907,2365.0,120.0,360.0,1.0,Urban,Y,4272.0,35.30578512396694,0.02808331383103206,0.33240997229916897,4152.0
Female,Yes,0,Graduate,No,3416,2816.0,113.0,360.0,1.0,Semiurban,Y,6232.0,54.666666666666664,0.01812931172789989,0.31301939058171746,6119.0
Male,No,0,Graduate,Yes,11000,0.0,83.0,360.0,1.0,Urban,N,11000.0,130.95238095238096,0.007544768657394782,0.2299168975069252,10917.0
Male,Yes,1,Not Graduate,No,2600,2500.0,90.0,360.0,1.0,Semiurban,Y,5100.0,56.043956043956044,0.01764359929425603,0.24930747922437674,5010.0
Male,No,2,Graduate,No,4923,0.0,166.0,360.0,0.0,Semiurban,Y,4923.0,29.479041916167663,0.033712428919577576,0.4598337950138504,4757.0
Male,Yes,3+,Not Graduate,No,3992,0.0,128.0,180.0,1.0,Urban,N,3992.0,30.94573643410853,0.03205609817180065,0.7071823204419889,3864.0
Male,Yes,1,Not Graduate,No,3500,1083.0,135.0,360.0,1.0,Urban,Y,4583.0,33.6985294117647,0.029450261780104712,0.3739612188365651,4448.0
Male,Yes,2,Not Graduate,No,3917,0.0,124.0,360.0,1.0,Semiurban,Y,3917.0,31.336,0.03164880040837162,0.34349030470914127,3793.0
Female,No,0,Not Graduate,No,4408,0.0,120.0,360.0,1.0,Semiurban,Y,4408.0,36.429752066115704,0.027217056021773645,0.33240997229916897,4288.0
Female,No,0,Graduate,No,3244,0.0,80.0,360.0,1.0,Urban,Y,3244.0,40.04938271604938,0.02465331278890601,0.22160664819944598,3164.0
Male,No,0,Not Graduate,No,3975,2531.0,55.0,360.0,1.0,Rural,Y,6506.0,116.17857142857143,0.008452435838327955,0.1523545706371191,6451.0
Male,No,0,Graduate,No,2479,0.0,59.0,360.0,1.0,Urban,Y,2479.0,41.31666666666667,0.02379032258064516,0.1634349030470914,2420.0
Male,No,0,Graduate,No,3418,0.0,127.0,360.0,1.0,Semiurban,N,3418.0,26.703125,0.03714536414156186,0.3518005540166205,3291.0
Female,No,0,Graduate,No,10000,0.0,214.0,360.0,1.0,Semiurban,N,10000.0,46.51162790697674,0.021397860213978603,0.592797783933518,9786.0
Male,Yes,3+,Graduate,No,3430,1250.0,128.0,360.0,0.0,Semiurban,N,4680.0,36.27906976744186,0.027344584490493484,0.3545706371191136,4552.0
Male,Yes,1,Graduate,Yes,7787,0.0,240.0,360.0,1.0,Urban,Y,7787.0,32.31120331950208,0.030816640986132512,0.6648199445983379,7547.0
Male,Yes,3+,Not Graduate,Yes,5703,0.0,130.0,360.0,1.0,Rural,Y,5703.0,43.534351145038165,0.02279102384291725,0.3601108033240997,5573.0
Male,Yes,0,Graduate,No,3173,3021.0,137.0,360.0,1.0,Urban,Y,6194.0,44.88405797101449,0.022114608555286523,0.37950138504155123,6057.0
Male,Yes,3+,Not Graduate,No,3850,983.0,100.0,360.0,1.0,Semiurban,Y,4833.0,47.851485148514854,0.02068680182043856,0.2770083102493075,4733.0
Male,Yes,0,Graduate,No,150,1800.0,135.0,360.0,1.0,Rural,N,1950.0,14.338235294117647,0.06919528446950282,0.3739612188365651,1815.0
Male,Yes,0,Graduate,No,3727,1775.0,131.0,360.0,1.0,Semiurban,Y,5502.0,41.68181818181818,0.023805197165182628,0.3628808864265928,5371.0
Male,Yes,2,Graduate,No,5000,0.0,72.0,360.0,0.0,Semiurban,N,5000.0,68.4931506849315,0.014397120575884824,0.1994459833795014,4928.0
Female,Yes,2,Graduate,No,4283,2383.0,127.0,360.0,1.0,Semiurban,Y,6666.0,52.078125,0.01904904754762262,0.3518005540166205,6539.0
Male,Yes,0,Graduate,No,2221,0.0,60.0,360.0,0.0,Urban,N,2221.0,36.40983606557377,0.027002700270027002,0.16620498614958448,2161.0
Male,Yes,2,Graduate,No,4009,1717.0,116.0,360.0,1.0,Semiurban,Y,5726.0,48.94017094017094,0.020254932774576566,0.32132963988919666,5610.0
Male,No,0,Graduate,No,2971,2791.0,144.0,360.0,1.0,Semiurban,Y,5762.0,39.737931034482756,0.024986985944820406,0.3988919667590028,5618.0
Male,Yes,0,Graduate,No,7578,1010.0,175.0,360.0,1.0,Semiurban,Y,8588.0,48.79545454545455,0.020374898125509373,0.48476454293628807,8413.0
Male,Yes,0,Graduate,No,6250,0.0,128.0,360.0,1.0,Semiurban,Y,6250.0,48.44961240310077,0.020476723724204126,0.3545706371191136,6122.0
Male,Yes,0,Graduate,No,3250,0.0,170.0,360.0,1.0,Rural,N,3250.0,19.005847953216374,0.05229160258382036,0.4709141274238227,3080.0
Male,Yes,0,Not Graduate,Yes,4735,0.0,138.0,360.0,1.0,Urban,N,4735.0,34.064748201438846,0.029138513513513514,0.38227146814404434,4597.0
Male,Yes,2,Graduate,No,6250,1695.0,210.0,360.0,1.0,Semiurban,Y,7945.0,37.654028436018955,0.02642839164359426,0.5817174515235457,7735.0
Male,Yes,0,Graduate,No,4758,0.0,158.0,480.0,1.0,Semiurban,Y,4758.0,29.92452830188679,0.03320025215381383,0.3284823284823285,4600.0
Male,No,0,Graduate,Yes,6400,0.0,200.0,360.0,1.0,Rural,Y,6400.0,31.8407960199005,0.031245117950320263,0.554016620498615,6200.0
Male,Yes,1,Graduate,No,2491,2054.0,104.0,360.0,1.0,Semiurban,Y,4545.0,43.285714285714285,0.02287725472943247,0.2880886426592798,4441.0
Male,Yes,0,Graduate,No,3716,0.0,42.0,180.0,1.0,Rural,Y,3716.0,86.4186046511628,0.011299435028248588,0.23204419889502761,3674.0
Male,No,0,Not Graduate,No,3189,2598.0,120.0,360.0,1.0,Rural,Y,5787.0,47.82644628099174,0.02073255010366275,0.33240997229916897,5667.0
Female,No,0,Graduate,No,8333,0.0,280.0,360.0,1.0,Semiurban,Y,8333.0,29.654804270462634,0.033597312215022795,0.775623268698061,8053.0
Male,Yes,1,Graduate,No,3155,1779.0,140.0,360.0,1.0,Semiurban,Y,4934.0,34.99290780141844,0.028368794326241134,0.3878116343490305,4794.0
Male,Yes,1,Graduate,No,5500,1260.0,170.0,360.0,1.0,Rural,Y,6760.0,39.53216374269006,0.025144209436473896,0.4709141274238227,6590.0
Male,Yes,0,Graduate,No,5746,0.0,255.0,360.0,1.0,Urban,N,5746.0,22.4453125,0.044370976161475555,0.7063711911357341,5491.0
Female,No,0,Graduate,Yes,3463,0.0,122.0,360.0,1.0,Urban,Y,3463.0,28.15447154471545,0.03521939953810624,0.3379501385041551,3341.0
Female,No,1,Graduate,No,3812,0.0,112.0,360.0,1.0,Rural,Y,3812.0,33.73451327433628,0.02937319695777603,0.31024930747922436,3700.0
Male,Yes,1,Graduate,No,3315,0.0,96.0,360.0,1.0,Semiurban,Y,3315.0,34.175257731958766,0.028950542822677925,0.2659279778393352,3219.0
Male,Yes,2,Graduate,No,5819,5000.0,120.0,360.0,1.0,Rural,Y,10819.0,89.41322314049587,0.011090573012939002,0.33240997229916897,10699.0
Male,Yes,1,Not Graduate,No,2510,1983.0,140.0,180.0,1.0,Urban,N,4493.0,31.865248226950353,0.03115264797507788,0.7734806629834254,4353.0
Male,No,0,Graduate,No,2965,5701.0,155.0,60.0,1.0,Urban,Y,8666.0,55.55128205128205,0.017883927541248415,2.540983606557377,8511.0
Male,Yes,2,Graduate,Yes,6250,1300.0,108.0,360.0,1.0,Rural,Y,7550.0,69.26605504587155,0.014302741358760428,0.29916897506925205,7442.0
Male,Yes,0,Not Graduate,No,3406,4417.0,123.0,360.0,1.0,Semiurban,Y,7823.0,63.08870967741935,0.01572085889570552,0.3407202216066482,7700.0
Male,No,0,Graduate,Yes,6050,4333.0,120.0,180.0,1.0,Urban,N,10383.0,85.8099173553719,0.011556240369799691,0.6629834254143646,10263.0
Male,Yes,2,Graduate,No,9703,0.0,112.0,360.0,1.0,Urban,Y,9703.0,85.86725663716814,0.011541632316570486,0.31024930747922436,9591.0
Male,Yes,1,Not Graduate,No,6608,0.0,137.0,180.0,1.0,Urban,Y,6608.0,47.88405797101449,0.02072930851868664,0.7569060773480663,6471.0
Male,Yes,1,Graduate,No,2882,1843.0,123.0,480.0,1.0,Semiurban,Y,4725.0,38.104838709677416,0.026026237833262803,0.25571725571725573,4602.0
Male,Yes,0,Graduate,No,1809,1868.0,90.0,360.0,1.0,Urban,Y,3677.0,40.40659340659341,0.024469820554649267,0.24930747922437674,3587.0
Male,Yes,0,Not Graduate,No,1668,3890.0,201.0,360.0,0.0,Semiurban,N,5558.0,27.514851485148515,0.03615758229897464,0.556786703601108,5357.0
Female,No,2,Graduate,No,3427,0.0,138.0,360.0,1.0,Urban,N,3427.0,24.654676258992804,0.040256709451575265,0.38227146814404434,3289.0
Male,No,0,Not Graduate,Yes,2583,2167.0,104.0,360.0,1.0,Rural,Y,4750.0,45.23809523809524,0.02189012839402231,0.2880886426592798,4646.0
Male,Yes,1,Not Graduate,No,2661,7101.0,279.0,180.0,1.0,Semiurban,Y,9762.0,34.864285714285714,0.0285772815732869,1.5414364640883977,9483.0
Male,No,0,Graduate,Yes,16250,0.0,192.0,360.0,0.0,Urban,N,16250.0,84.19689119170984,0.011814657559534798,0.5318559556786704,16058.0
Female,No,3+,Graduate,No,3083,0.0,255.0,360.0,1.0,Rural,Y,3083.0,12.04296875,0.08268482490272373,0.7063711911357341,2828.0
Male,No,0,Not Graduate,No,6045,0.0,115.0,360.0,0.0,Rural,N,6045.0,52.11206896551724,0.01902084022494211,0.3185595567867036,5930.0
Male,Yes,3+,Graduate,No,5250,0.0,94.0,360.0,1.0,Urban,N,5250.0,55.26315789473684,0.017901352123405066,0.26038781163434904,5156.0
Male,Yes,0,Graduate,No,14683,2100.0,304.0,360.0,1.0,Rural,N,16783.0,55.02622950819672,0.01811248808388942,0.8421052631578947,16479.0
Male,Yes,3+,Not Graduate,No,4931,0.0,128.0,360.0,1.0,Semiurban,N,4931.0,38.224806201550386,0.025952960259529603,0.3545706371191136,4803.0
Male,Yes,1,Graduate,No,6083,4250.0,330.0,360.0,1.0,Urban,Y,10333.0,31.21752265861027,0.03193342365008709,0.9141274238227147,10003.0
Male,No,0,Graduate,No,2060,2209.0,134.0,360.0,1.0,Semiurban,Y,4269.0,31.622222222222224,0.03138173302107728,0.37119113573407203,4135.0
Female,No,1,Graduate,No,3481,0.0,155.0,36.0,1.0,Semiurban,N,3481.0,22.314102564102566,0.04451464675473866,4.1891891891891895,3326.0
Female,No,0,Graduate,No,7200,0.0,120.0,360.0,1.0,Rural,Y,7200.0,59.50413223140496,0.016664352173309263,0.33240997229916897,7080.0
Male,No,0,Graduate,Yes,5166,0.0,128.0,360.0,1.0,Semiurban,Y,5166.0,40.04651162790697,0.0247725953164312,0.3545706371191136,5038.0
Male,No,0,Graduate,No,4095,3447.0,151.0,360.0,1.0,Rural,Y,7542.0,49.61842105263158,0.020018560254540633,0.4182825484764543,7391.0
Male,Yes,2,Graduate,No,4708,1387.0,150.0,360.0,1.0,Semiurban,Y,6095.0,40.36423841059602,0.024606299212598427,0.4155124653739612,5945.0
Male,Yes,3+,Graduate,No,4333,1811.0,160.0,360.0,0.0,Urban,Y,6144.0,38.161490683229815,0.026037428803905614,0.44321329639889195,5984.0
Female,No,0,Graduate,No,3418,0.0,135.0,360.0,1.0,Rural,N,3418.0,25.13235294117647,0.03948522959929804,0.3739612188365651,3283.0
Female,No,1,Graduate,No,2876,1560.0,90.0,360.0,1.0,Urban,Y,4436.0,48.747252747252745,0.02028397565922921,0.24930747922437674,4346.0
Female,No,0,Graduate,No,3237,0.0,30.0,360.0,1.0,Urban,Y,3237.0,104.41935483870968,0.00926497838171711,0.08310249307479224,3207.0
Male,Yes,0,Graduate,No,11146,0.0,136.0,360.0,1.0,Urban,Y,11146.0,81.35766423357664,0.01220059208755719,0.3767313019390582,11010.0
Male,No,0,Graduate,No,2833,1857.0,126.0,360.0,1.0,Rural,Y,4690.0,36.92913385826772,0.026859944574717545,0.3490304709141274,4564.0
Male,Yes,0,Graduate,No,2620,2223.0,150.0,360.0,1.0,Semiurban,Y,4843.0,32.0728476821192,0.030966143682906688,0.4155124653739612,4693.0
Male,Yes,2,Graduate,No,3900,0.0,90.0,360.0,1.0,Semiurban,Y,3900.0,42.857142857142854,0.023071007433991285,0.24930747922437674,3810.0
Male,Yes,1,Graduate,No,2750,1842.0,115.0,360.0,1.0,Semiurban,Y,4592.0,39.58620689655172,0.025038101458741562,0.3185595567867036,4477.0
Male,Yes,0,Graduate,No,3993,3274.0,207.0,360.0,1.0,Semiurban,Y,7267.0,34.9375,0.028481012658227847,0.5734072022160664,7060.0
Male,Yes,0,Graduate,No,3103,1300.0,80.0,360.0,1.0,Urban,Y,4403.0,54.358024691358025,0.018165304268846504,0.22160664819944598,4323.0
Male,Yes,0,Graduate,No,14583,0.0,436.0,360.0,1.0,Semiurban,Y,14583.0,33.37070938215103,0.029895776193088315,1.2077562326869806,14147.0
Female,Yes,0,Not Graduate,No,4100,0.0,124.0,360.0,1.0,Rural,Y,4100.0,32.8,0.03023652767617654,0.34349030470914127,3976.0
Male,No,1,Not Graduate,Yes,4053,2426.0,158.0,360.0,0.0,Urban,N,6479.0,40.74842767295598,0.024382716049382715,0.4376731301939058,6321.0
Male,Yes,0,Graduate,No,3927,800.0,112.0,360.0,1.0,Semiurban,Y,4727.0,41.83185840707964,0.023688663282571912,0.31024930747922436,4615.0
Male,Yes,2,Graduate,No,2301,985.7999878,78.0,180.0,1.0,Urban,Y,3286.7999878,41.605063136708864,0.023724070895259342,0.430939226519337,3208.7999878
Female,No,0,Graduate,No,1811,1666.0,54.0,360.0,1.0,Urban,Y,3477.0,63.21818181818182,0.015526164462334674,0.14958448753462603,3423.0
Male,Yes,0,Graduate,No,20667,0.0,128.0,360.0,1.0,Rural,N,20667.0,160.2093023255814,0.0061931488291078,0.3545706371191136,20539.0
Male,No,0,Graduate,No,3158,3053.0,89.0,360.0,1.0,Rural,Y,6211.0,69.0111111111111,0.014327108821635544,0.24653739612188366,6122.0
Female,No,0,Graduate,Yes,2600,1717.0,99.0,300.0,1.0,Semiurban,N,4317.0,43.17,0.022927281148679944,0.3289036544850498,4218.0
Male,Yes,0,Graduate,No,3704,2000.0,120.0,360.0,1.0,Rural,Y,5704.0,47.14049586776859,0.021034180543382998,0.33240997229916897,5584.0
Female,No,0,Graduate,No,4124,0.0,115.0,360.0,1.0,Semiurban,Y,4124.0,35.55172413793103,0.027878787878787878,0.3185595567867036,4009.0
Male,No,0,Graduate,No,9508,0.0,187.0,360.0,1.0,Rural,Y,9508.0,50.57446808510638,0.019665579976864023,0.518005540166205,9321.0
Male,Yes,0,Graduate,No,3075,2416.0,139.0,360.0,1.0,Rural,Y,5491.0,39.22142857142857,0.02530954115076475,0.3850415512465374,5352.0
Male,Yes,2,Graduate,No,4400,0.0,127.0,360.0,0.0,Semiurban,N,4400.0,34.375,0.028857077936832537,0.3518005540166205,4273.0
Male,Yes,2,Graduate,No,3153,1560.0,134.0,360.0,1.0,Urban,Y,4713.0,34.91111111111111,0.028425965210012727,0.37119113573407203,4579.0
Female,No,0,Graduate,No,5417,0.0,143.0,480.0,0.0,Urban,N,5417.0,37.61805555555556,0.026393503137689185,0.2972972972972973,5274.0
Male,Yes,0,Graduate,No,2383,3334.0,172.0,360.0,1.0,Semiurban,Y,5717.0,33.04624277456647,0.030080447708989155,0.47645429362880887,5545.0
Male,Yes,3+,Graduate,No,4416,1250.0,110.0,360.0,1.0,Urban,Y,5666.0,51.04504504504504,0.019410622904535026,0.3047091412742382,5556.0
Male,Yes,1,Graduate,No,6875,0.0,200.0,360.0,1.0,Semiurban,Y,6875.0,34.20398009950249,0.029086678301337987,0.554016620498615,6675.0
Female,Yes,1,Graduate,No,4666,0.0,135.0,360.0,1.0,Urban,Y,4666.0,34.30882352941177,0.028926505249625027,0.3739612188365651,4531.0
Female,No,0,Graduate,No,5000,2541.0,151.0,480.0,1.0,Rural,N,7541.0,49.61184210526316,0.02002121453195439,0.31392931392931395,7390.0
Male,Yes,1,Graduate,No,2014,2925.0,113.0,360.0,1.0,Urban,N,4939.0,43.324561403508774,0.022874493927125508,0.31301939058171746,4826.0
Male,Yes,0,Not Graduate,No,1800,2934.0,93.0,360.0,0.0,Urban,N,4734.0,50.361702127659576,0.019640971488912355,0.25761772853185594,4641.0
Male,Yes,0,Not Graduate,No,2875,1750.0,105.0,360.0,1.0,Semiurban,Y,4625.0,43.632075471698116,0.022697795071335927,0.29085872576177285,4520.0
Female,No,0,Graduate,No,5000,0.0,132.0,360.0,1.0,Rural,Y,5000.0,37.59398496240601,0.026394721055788842,0.3656509695290859,4868.0
Male,Yes,1,Graduate,No,1625,1803.0,96.0,360.0,1.0,Urban,Y,3428.0,35.34020618556701,0.02799650043744532,0.2659279778393352,3332.0
Male,No,0,Graduate,No,4000,2500.0,140.0,360.0,1.0,Rural,Y,6500.0,46.09929078014184,0.02153514843870174,0.3878116343490305,6360.0
Male,No,0,Not Graduate,No,2000,0.0,128.0,360.0,1.0,Urban,N,2000.0,15.503875968992247,0.063968015992004,0.3545706371191136,1872.0
Female,No,0,Graduate,No,3762,1666.0,135.0,360.0,1.0,Rural,Y,5428.0,39.911764705882355,0.024866457911217537,0.3739612188365651,5293.0
Female,No,0,Graduate,No,2400,1863.0,104.0,360.0,0.0,Urban,N,4263.0,40.6,0.024390243902439025,0.2880886426592798,4159.0
Male,No,0,Graduate,No,20233,0.0,480.0,360.0,1.0,Rural,N,20233.0,42.064449064449065,0.023722447365819906,1.3296398891966759,19753.0
Male,Yes,2,Not Graduate,No,7667,0.0,185.0,360.0,1.0,Rural,Y,7667.0,41.22043010752688,0.02412623891497131,0.5124653739612188,7482.0
Female,No,0,Graduate,No,2917,0.0,84.0,360.0,1.0,Semiurban,Y,2917.0,34.31764705882353,0.02878684030157642,0.23268698060941828,2833.0
Male,No,0,Not Graduate,No,2927,2405.0,111.0,360.0,1.0,Semiurban,Y,5332.0,47.607142857142854,0.02081380086255391,0.3074792243767313,5221.0
Female,No,0,Graduate,No,2507,0.0,56.0,360.0,1.0,Rural,Y,2507.0,43.98245614035088,0.022328548644338118,0.15512465373961218,2451.0
Male,Yes,2,Graduate,Yes,5746,0.0,144.0,84.0,1.0,Rural,Y,5746.0,39.62758620689655,0.02505655124412737,1.6941176470588235,5602.0
Male,Yes,0,Graduate,No,2473,1843.0,159.0,360.0,1.0,Rural,N,4316.0,26.975,0.03683113273106324,0.4404432132963989,4157.0
Male,Yes,1,Not Graduate,No,3399,1640.0,111.0,180.0,1.0,Urban,Y,5039.0,44.99107142857143,0.022023809523809525,0.6132596685082873,4928.0
Male,Yes,2,Graduate,No,3717,0.0,120.0,360.0,1.0,Semiurban,Y,3717.0,30.71900826446281,0.0322754168908015,0.33240997229916897,3597.0
Male,Yes,0,Graduate,No,2058,2134.0,88.0,360.0,1.0,Urban,Y,4192.0,47.10112359550562,0.020987359885523492,0.24376731301939059,4104.0
Female,No,1,Graduate,No,3541,0.0,112.0,360.0,1.0,Semiurban,Y,3541.0,31.336283185840706,0.03162055335968379,0.31024930747922436,3429.0
Male,Yes,1,Graduate,Yes,10000,0.0,155.0,360.0,1.0,Rural,N,10000.0,64.1025641025641,0.015498450154984501,0.4293628808864266,9845.0
Male,Yes,0,Graduate,No,2400,2167.0,115.0,360.0,1.0,Semiurban,Y,4567.0,39.37068965517241,0.025175131348511383,0.3185595567867036,4452.0
Male,Yes,3+,Graduate,No,4342,189.0,124.0,360.0,1.0,Semiurban,Y,4531.0,36.248,0.02736098852603707,0.34349030470914127,4407.0
Male,Yes,2,Not Graduate,No,3601,1590.0,128.0,360.0,1.0,Rural,Y,5191.0,40.24031007751938,0.02465331278890601,0.3545706371191136,5063.0
Female,No,0,Graduate,No,3166,2985.0,132.0,360.0,1.0,Rural,Y,6151.0,46.24812030075188,0.021456436931079324,0.3656509695290859,6019.0
Male,Yes,3+,Graduate,No,15000,0.0,300.0,360.0,1.0,Rural,Y,15000.0,49.83388704318937,0.01999866675554963,0.8310249307479224,14700.0
Male,Yes,1,Graduate,Yes,8666,4983.0,376.0,360.0,0.0,Rural,N,13649.0,36.204244031830235,0.027545787545787546,1.0415512465373962,13273.0
Male,No,0,Graduate,No,4917,0.0,130.0,360.0,0.0,Rural,Y,4917.0,37.534351145038165,0.026433509556730378,0.3601108033240997,4787.0
Male,Yes,0,Graduate,Yes,5818,2160.0,184.0,360.0,1.0,Semiurban,Y,7978.0,43.12432432432433,0.023060533901491414,0.5096952908587258,7794.0
Female,Yes,0,Graduate,No,4333,2451.0,110.0,360.0,1.0,Urban,N,6784.0,61.11711711711712,0.016212232866617538,0.3047091412742382,6674.0
Female,No,0,Graduate,No,2500,0.0,67.0,360.0,1.0,Urban,Y,2500.0,36.76470588235294,0.026789284286285485,0.18559556786703602,2433.0
Male,No,1,Graduate,No,4384,1793.0,117.0,360.0,1.0,Urban,Y,6177.0,52.347457627118644,0.018938167691809647,0.32409972299168976,6060.0
Male,No,0,Graduate,No,2935,0.0,98.0,360.0,1.0,Semiurban,Y,2935.0,29.646464646464647,0.03337874659400545,0.27146814404432135,2837.0
Male,No,0,Graduate,No,2833,0.0,71.0,360.0,1.0,Urban,Y,2833.0,39.34722222222222,0.025052928722653495,0.19667590027700832,2762.0
Male,Yes,0,Graduate,No,63337,0.0,490.0,180.0,1.0,Urban,Y,63337.0,128.9959266802444,0.007736272064163693,2.707182320441989,62847.0
Male,Yes,1,Graduate,Yes,9833,1833.0,182.0,180.0,1.0,Urban,Y,11666.0,63.74863387978142,0.015599554298448616,1.0055248618784531,11484.0
Male,Yes,0,Graduate,Yes,5503,4490.0,70.0,360.0,1.0,Semiurban,Y,9993.0,140.74647887323943,0.007004202521512908,0.19390581717451524,9923.0
Male,Yes,1,Graduate,No,5250,688.0,160.0,360.0,1.0,Rural,Y,5938.0,36.88198757763975,0.02694056238423977,0.44321329639889195,5778.0
Male,Yes,2,Graduate,Yes,2500,4600.0,176.0,360.0,1.0,Rural,Y,7100.0,40.112994350282484,0.024785241515279537,0.48753462603878117,6924.0
Female,No,3+,Not Graduate,No,1830,0.0,128.0,360.0,0.0,Urban,N,1830.0,14.186046511627907,0.06990715456034953,0.3545706371191136,1702.0
Female,No,0,Graduate,No,4160,0.0,71.0,360.0,1.0,Semiurban,Y,4160.0,57.77777777777778,0.017063205960105743,0.19667590027700832,4089.0
Male,Yes,3+,Not Graduate,No,2647,1587.0,173.0,360.0,1.0,Rural,N,4234.0,24.333333333333332,0.04085005903187721,0.4792243767313019,4061.0
Female,No,0,Graduate,No,2378,0.0,46.0,360.0,1.0,Rural,N,2378.0,50.59574468085106,0.019335855401429174,0.12742382271468145,2332.0
Male,Yes,1,Not Graduate,No,4554,1229.0,158.0,360.0,1.0,Urban,Y,5783.0,36.37106918238994,0.02731673582295989,0.4376731301939058,5625.0
Male,Yes,3+,Not Graduate,No,3173,0.0,74.0,360.0,1.0,Semiurban,Y,3173.0,42.306666666666665,0.023314429741650915,0.20498614958448755,3099.0
Male,Yes,2,Graduate,No,2583,2330.0,125.0,360.0,1.0,Rural,Y,4913.0,38.992063492063494,0.02543752543752544,0.3462603878116344,4788.0
Male,Yes,0,Graduate,No,2499,2458.0,160.0,360.0,1.0,Semiurban,Y,4957.0,30.788819875776397,0.03227107704719645,0.44321329639889195,4797.0
Male,Yes,0,Not Graduate,No,3523,3230.0,152.0,360.0,0.0,Rural,N,6753.0,44.13725490196079,0.022505182114302635,0.42105263157894735,6601.0
Male,Yes,2,Not Graduate,No,3083,2168.0,126.0,360.0,1.0,Urban,Y,5251.0,41.346456692913385,0.02399086062452399,0.3490304709141274,5125.0
Male,Yes,0,Graduate,No,6333,4583.0,259.0,360.0,1.0,Semiurban,Y,10916.0,41.98461538461538,0.023724466428506,0.7174515235457064,10657.0
Male,Yes,0,Graduate,No,2625,6250.0,187.0,360.0,1.0,Rural,Y,8875.0,47.20744680851064,0.02106804867057233,0.518005540166205,8688.0
Male,Yes,0,Graduate,No,9083,0.0,228.0,360.0,1.0,Semiurban,Y,9083.0,39.66375545851528,0.02509907529722589,0.631578947368421,8855.0
Male,No,0,Graduate,No,8750,4167.0,308.0,360.0,1.0,Rural,N,12917.0,41.80258899676375,0.02384270010837591,0.853185595567867,12609.0
Male,Yes,3+,Graduate,No,2666,2083.0,95.0,360.0,1.0,Rural,Y,4749.0,49.46875,0.02,0.2631578947368421,4654.0
Female,Yes,0,Graduate,Yes,5500,0.0,105.0,360.0,0.0,Rural,N,5500.0,51.886792452830186,0.019087438647518634,0.29085872576177285,5395.0
Female,Yes,0,Graduate,No,2423,505.0,130.0,360.0,1.0,Semiurban,Y,2928.0,22.35114503816794,0.04438374871969956,0.3601108033240997,2798.0
Female,No,0,Graduate,No,3813,0.0,116.0,180.0,1.0,Urban,Y,3813.0,32.58974358974359,0.030414263240692185,0.6408839779005525,3697.0
Male,Yes,2,Graduate,No,8333,3167.0,165.0,360.0,1.0,Rural,Y,11500.0,69.27710843373494,0.014346578558386227,0.45706371191135736,11335.0
Male,Yes,1,Graduate,No,3875,0.0,67.0,360.0,1.0,Urban,N,3875.0,56.98529411764706,0.017285861713106296,0.18559556786703602,3808.0
Male,Yes,0,Not Graduate,No,3000,1666.0,100.0,480.0,0.0,Urban,N,4666.0,46.198019801980195,0.021427040925648167,0.2079002079002079,4566.0
Male,Yes,3+,Graduate,No,5167,3167.0,200.0,360.0,1.0,Semiurban,Y,8334.0,41.46268656716418,0.02399520095980804,0.554016620498615,8134.0
Female,No,1,Graduate,No,4723,0.0,81.0,360.0,1.0,Semiurban,N,4723.0,57.59756097560975,0.01714648602878916,0.22437673130193905,4642.0
Male,Yes,2,Graduate,No,5000,3667.0,236.0,360.0,1.0,Semiurban,Y,8667.0,36.56962025316456,0.02722658052607291,0.6537396121883656,8431.0
Male,Yes,0,Graduate,No,4750,2333.0,130.0,360.0,1.0,Urban,Y,7083.0,54.06870229007634,0.018351214003387916,0.3601108033240997,6953.0
Male,Yes,0,Graduate,No,3013,3033.0,95.0,300.0,1.0,Urban,Y,6046.0,62.979166666666664,0.015710269555151316,0.31561461794019935,5951.0
Male,No,0,Graduate,Yes,6822,0.0,141.0,360.0,1.0,Rural,Y,6822.0,48.04225352112676,0.020665396453173092,0.39058171745152354,6681.0
Male,No,0,Not Graduate,No,6216,0.0,133.0,360.0,1.0,Rural,N,6216.0,46.38805970149254,0.021392954801351134,0.3684210526315789,6083.0
Male,No,0,Graduate,No,2500,0.0,96.0,480.0,1.0,Semiurban,N,2500.0,25.77319587628866,0.03838464614154338,0.1995841995841996,2404.0
Male,No,0,Graduate,No,5124,0.0,124.0,360.0,0.0,Rural,N,5124.0,40.992,0.024195121951219513,0.34349030470914127,5000.0
Male,Yes,1,Graduate,No,6325,0.0,175.0,360.0,1.0,Semiurban,Y,6325.0,35.9375,0.027663610496364212,0.48476454293628807,6150.0
Male,Yes,0,Graduate,No,19730,5266.0,570.0,360.0,1.0,Rural,N,24996.0,43.77583187390543,0.022802736328359403,1.5789473684210527,24426.0
Female,No,0,Graduate,Yes,15759,0.0,55.0,360.0,1.0,Semiurban,Y,15759.0,281.4107142857143,0.0034898477157360407,0.1523545706371191,15704.0
Male,Yes,2,Graduate,No,5185,0.0,155.0,360.0,1.0,Semiurban,Y,5185.0,33.23717948717949,0.029888160431932126,0.4293628808864266,5030.0
Male,Yes,2,Graduate,Yes,9323,7873.0,380.0,300.0,1.0,Rural,Y,17196.0,45.13385826771653,0.02209687736233064,1.2624584717607974,16816.0
Male,No,1,Graduate,No,3062,1987.0,111.0,180.0,0.0,Urban,N,5049.0,45.080357142857146,0.02198019801980198,0.6132596685082873,4938.0
Female,No,0,Graduate,No,2764,1459.0,110.0,360.0,1.0,Urban,Y,4223.0,38.04504504504504,0.026041666666666668,0.3047091412742382,4113.0
Male,Yes,0,Graduate,No,4817,923.0,120.0,180.0,1.0,Urban,Y,5740.0,47.43801652892562,0.020902281832433374,0.6629834254143646,5620.0
Male,Yes,3+,Graduate,No,8750,4996.0,130.0,360.0,1.0,Rural,Y,13746.0,104.93129770992367,0.009456608714628646,0.3601108033240997,13616.0
Male,Yes,0,Graduate,No,4310,0.0,130.0,360.0,1.0,Semiurban,Y,4310.0,32.900763358778626,0.03015541637671074,0.3601108033240997,4180.0
Male,No,0,Graduate,No,3069,0.0,71.0,480.0,1.0,Urban,N,3069.0,42.625,0.023127035830618894,0.14760914760914762,2998.0
Male,Yes,2,Graduate,No,5391,0.0,130.0,360.0,1.0,Urban,Y,5391.0,41.152671755725194,0.02410979228486647,0.3601108033240997,5261.0
Male,Yes,0,Graduate,No,3333,2500.0,128.0,360.0,1.0,Semiurban,Y,5833.0,45.21705426356589,0.021940349674322936,0.3545706371191136,5705.0
Male,No,0,Graduate,No,5941,4232.0,296.0,360.0,1.0,Semiurban,Y,10173.0,34.25252525252525,0.029093768429329665,0.8199445983379502,9877.0
Female,No,0,Graduate,No,6000,0.0,156.0,360.0,1.0,Urban,Y,6000.0,38.21656050955414,0.02599566738876854,0.43213296398891965,5844.0
Male,No,0,Graduate,Yes,7167,0.0,128.0,360.0,1.0,Urban,Y,7167.0,55.55813953488372,0.017857142857142856,0.3545706371191136,7039.0
Male,Yes,2,Graduate,No,4566,0.0,100.0,360.0,1.0,Urban,N,4566.0,45.20792079207921,0.02189621195533173,0.2770083102493075,4466.0
Male,No,1,Graduate,No,3667,0.0,113.0,180.0,1.0,Urban,Y,3667.0,32.166666666666664,0.030806979280261722,0.6243093922651933,3554.0
Male,No,0,Not Graduate,No,2346,1600.0,132.0,360.0,1.0,Semiurban,Y,3946.0,29.669172932330827,0.03344312135799341,0.3656509695290859,3814.0
Male,Yes,0,Not Graduate,No,3010,3136.0,128.0,360.0,0.0,Urban,N,6146.0,47.64341085271318,0.020823165771921264,0.3545706371191136,6018.0
Male,Yes,0,Graduate,No,2333,2417.0,136.0,360.0,1.0,Urban,Y,4750.0,34.67153284671533,0.028625552515259944,0.3767313019390582,4614.0
Male,Yes,0,Graduate,No,5488,0.0,125.0,360.0,1.0,Rural,Y,5488.0,43.55555555555556,0.02277281836400073,0.3462603878116344,5363.0
Male,No,3+,Graduate,No,9167,0.0,185.0,360.0,1.0,Rural,Y,9167.0,49.284946236559136,0.02017888307155323,0.5124653739612188,8982.0
Male,Yes,3+,Graduate,No,9504,0.0,275.0,360.0,1.0,Rural,Y,9504.0,34.43478260869565,0.028932140978432403,0.7617728531855956,9229.0
Male,Yes,0,Graduate,No,2583,2115.0,120.0,360.0,1.0,Urban,Y,4698.0,38.82644628099174,0.02553734837199404,0.33240997229916897,4578.0
Male,Yes,2,Not Graduate,No,1993,1625.0,113.0,180.0,1.0,Semiurban,Y,3618.0,31.736842105263158,0.031224095053882288,0.6243093922651933,3505.0
Male,Yes,2,Graduate,No,3100,1400.0,113.0,360.0,1.0,Urban,Y,4500.0,39.473684210526315,0.025105532103976893,0.31301939058171746,4387.0
Male,Yes,2,Graduate,No,3276,484.0,135.0,360.0,1.0,Semiurban,Y,3760.0,27.647058823529413,0.035894708854028186,0.3739612188365651,3625.0
Female,No,0,Graduate,No,3180,0.0,71.0,360.0,0.0,Urban,N,3180.0,44.166666666666664,0.022320025149324112,0.19667590027700832,3109.0
Male,Yes,0,Graduate,No,3033,1459.0,95.0,360.0,1.0,Urban,Y,4492.0,46.791666666666664,0.021144001780547518,0.2631578947368421,4397.0
Male,No,0,Not Graduate,No,3902,1666.0,109.0,360.0,1.0,Rural,Y,5568.0,50.61818181818182,0.019572634225175075,0.30193905817174516,5459.0
Female,No,0,Graduate,No,1500,1800.0,103.0,360.0,0.0,Semiurban,N,3300.0,31.73076923076923,0.031202665858830657,0.2853185595567867,3197.0
Male,Yes,2,Not Graduate,No,2889,0.0,45.0,180.0,0.0,Urban,N,2889.0,62.80434782608695,0.015570934256055362,0.24861878453038674,2844.0
Male,No,0,Not Graduate,No,2755,0.0,65.0,300.0,1.0,Rural,N,2755.0,41.74242424242424,0.02358490566037736,0.2159468438538206,2690.0
Male,No,0,Graduate,No,2500,20000.0,103.0,360.0,1.0,Semiurban,Y,22500.0,216.34615384615384,0.004577574330029776,0.2853185595567867,22397.0
Female,No,0,Not Graduate,No,1963,0.0,53.0,360.0,1.0,Semiurban,Y,1963.0,36.351851851851855,0.0269857433808554,0.14681440443213298,1910.0
Female,No,0,Graduate,Yes,7441,0.0,194.0,360.0,1.0,Rural,N,7441.0,38.15897435897436,0.026068261220102123,0.5373961218836565,7247.0
Female,No,0,Graduate,No,4547,0.0,115.0,360.0,1.0,Semiurban,Y,4547.0,39.19827586206897,0.0252858399296394,0.3185595567867036,4432.0
Male,Yes,0,Not Graduate,No,2167,2400.0,115.0,360.0,1.0,Urban,Y,4567.0,39.37068965517241,0.025175131348511383,0.3185595567867036,4452.0
Female,No,0,Not Graduate,No,2213,0.0,66.0,360.0,1.0,Rural,Y,2213.0,33.02985074626866,0.02981029810298103,0.18282548476454294,2147.0
Male,Yes,1,Graduate,No,8300,0.0,152.0,300.0,0.0,Semiurban,N,8300.0,54.248366013071895,0.018311046861823877,0.5049833887043189,8148.0
Male,Yes,3+,Graduate,No,81000,0.0,360.0,360.0,0.0,Rural,N,81000.0,224.37673130193906,0.00444438957543734,0.997229916897507,80640.0
Female,No,1,Not Graduate,Yes,3867,0.0,62.0,360.0,1.0,Semiurban,N,3867.0,61.38095238095238,0.016028955532574975,0.17174515235457063,3805.0
Male,Yes,0,Graduate,No,6256,0.0,160.0,360.0,1.0,Urban,Y,6256.0,38.857142857142854,0.02557136007671408,0.44321329639889195,6096.0
Male,Yes,0,Not Graduate,No,6096,0.0,218.0,360.0,0.0,Rural,N,6096.0,27.835616438356166,0.03575528948663277,0.6038781163434903,5878.0
Male,Yes,0,Not Graduate,No,2253,2033.0,110.0,360.0,1.0,Rural,Y,4286.0,38.612612612612615,0.025658968975973875,0.3047091412742382,4176.0
Female,Yes,0,Not Graduate,No,2149,3237.0,178.0,360.0,0.0,Semiurban,N,5386.0,30.089385474860336,0.033042509745684054,0.4930747922437673,5208.0
Female,No,0,Graduate,No,2995,0.0,60.0,360.0,1.0,Urban,Y,2995.0,49.09836065573771,0.020026702269692925,0.16620498614958448,2935.0
Female,No,1,Graduate,No,2600,0.0,160.0,360.0,1.0,Urban,N,2600.0,16.149068322981368,0.06151480199923107,0.44321329639889195,2440.0
Male,Yes,2,Graduate,Yes,1600,20000.0,239.0,360.0,1.0,Urban,N,21600.0,90.0,0.011064302578584324,0.6620498614958449,21361.0
Male,Yes,0,Graduate,No,1025,2773.0,112.0,360.0,1.0,Rural,Y,3798.0,33.610619469026545,0.029481442484864437,0.31024930747922436,3686.0
Male,Yes,0,Graduate,No,3246,1417.0,138.0,360.0,1.0,Semiurban,Y,4663.0,33.54676258992806,0.029588336192109776,0.38227146814404434,4525.0
Male,Yes,0,Graduate,No,5829,0.0,138.0,360.0,1.0,Rural,Y,5829.0,41.935251798561154,0.023670668953687822,0.38227146814404434,5691.0
Female,No,0,Not Graduate,No,2720,0.0,80.0,360.0,0.0,Urban,N,2720.0,33.58024691358025,0.02940095553105476,0.22160664819944598,2640.0
Male,Yes,0,Graduate,No,1820,1719.0,100.0,360.0,1.0,Urban,Y,3539.0,35.039603960396036,0.02824858757062147,0.2770083102493075,3439.0
Male,Yes,1,Graduate,No,7250,1667.0,110.0,360.0,0.0,Urban,N,8917.0,80.33333333333333,0.012334604171338866,0.3047091412742382,8807.0
Male,Yes,0,Graduate,No,14880,0.0,96.0,360.0,1.0,Semiurban,Y,14880.0,153.4020618556701,0.00645117935622606,0.2659279778393352,14784.0
Male,Yes,0,Graduate,No,2666,4300.0,121.0,360.0,1.0,Rural,Y,6966.0,57.09836065573771,0.017367590067460886,0.33518005540166207,6845.0
Female,No,1,Not Graduate,No,4606,0.0,81.0,360.0,1.0,Rural,N,4606.0,56.170731707317074,0.017581940525287606,0.22437673130193905,4525.0
Male,Yes,2,Graduate,No,5935,0.0,133.0,360.0,1.0,Semiurban,Y,5935.0,44.291044776119406,0.02240566037735849,0.3684210526315789,5802.0
Male,Yes,0,Graduate,No,2920,16.12000084,87.0,360.0,1.0,Rural,Y,2936.12000084,33.365000009545454,0.02962085307209732,0.2409972299168975,2849.12000084
Male,No,0,Not Graduate,No,2717,0.0,60.0,180.0,1.0,Urban,Y,2717.0,44.540983606557376,0.02207505518763797,0.3314917127071823,2657.0
Female,No,1,Graduate,Yes,8624,0.0,150.0,360.0,1.0,Semiurban,Y,8624.0,57.11258278145695,0.017391304347826087,0.4155124653739612,8474.0
Male,No,0,Graduate,No,6500,0.0,105.0,360.0,0.0,Rural,N,6500.0,61.320754716981135,0.016151361329026302,0.29085872576177285,6395.0
Male,No,0,Graduate,No,12876,0.0,405.0,360.0,1.0,Semiurban,Y,12876.0,31.714285714285715,0.03145142502135591,1.1218836565096952,12471.0
Male,Yes,0,Graduate,No,2425,2340.0,143.0,360.0,1.0,Semiurban,Y,4765.0,33.09027777777778,0.03000419639110365,0.3961218836565097,4622.0
Male,No,0,Graduate,No,3750,0.0,100.0,360.0,1.0,Urban,Y,3750.0,37.12871287128713,0.026659557451346308,0.2770083102493075,3650.0
Female,Yes,0,Graduate,No,10047,0.0,128.0,240.0,1.0,Semiurban,Y,10047.0,77.88372093023256,0.012738853503184714,0.5311203319502075,9919.0
Male,No,0,Graduate,No,1926,1851.0,50.0,360.0,1.0,Semiurban,Y,3777.0,74.05882352941177,0.013234515616728428,0.13850415512465375,3727.0
Male,Yes,0,Graduate,No,2213,1125.0,128.0,360.0,1.0,Urban,Y,3338.0,25.875968992248062,0.03833483078766098,0.3545706371191136,3210.0
Male,No,0,Graduate,Yes,10416,0.0,187.0,360.0,0.0,Urban,N,10416.0,55.40425531914894,0.01795142555438226,0.518005540166205,10229.0
Female,Yes,0,Not Graduate,Yes,7142,0.0,138.0,360.0,1.0,Rural,Y,7142.0,51.381294964028775,0.019319613607727847,0.38227146814404434,7004.0
Male,No,0,Graduate,No,3660,5064.0,187.0,360.0,1.0,Semiurban,Y,8724.0,46.40425531914894,0.021432664756446992,0.518005540166205,8537.0
Male,Yes,0,Graduate,No,7901,1833.0,180.0,360.0,1.0,Rural,Y,9734.0,53.77900552486188,0.01848998459167951,0.4986149584487535,9554.0
Male,No,3+,Not Graduate,No,4707,1993.0,148.0,360.0,1.0,Semiurban,Y,6700.0,44.966442953020135,0.022086255782718996,0.4099722991689751,6552.0
Male,No,1,Graduate,No,37719,0.0,152.0,360.0,1.0,Semiurban,Y,37719.0,246.52941176470588,0.004029692470837752,0.42105263157894735,37567.0
Male,Yes,0,Graduate,No,7333,8333.0,175.0,300.0,1.0,Rural,Y,15666.0,89.01136363636364,0.011169975106912618,0.5813953488372093,15491.0
Male,Yes,1,Graduate,Yes,3466,1210.0,130.0,360.0,1.0,Rural,Y,4676.0,35.69465648854962,0.027795595467179815,0.3601108033240997,4546.0
Male,Yes,2,Not Graduate,No,4652,0.0,110.0,360.0,1.0,Rural,Y,4652.0,41.909909909909906,0.02364066193853428,0.3047091412742382,4542.0
Male,Yes,0,Graduate,No,3539,1376.0,55.0,360.0,1.0,Rural,N,4915.0,87.76785714285714,0.011187957689178194,0.1523545706371191,4860.0
Male,Yes,2,Graduate,No,3340,1710.0,150.0,360.0,0.0,Rural,N,5050.0,33.443708609271525,0.02969708968521085,0.4155124653739612,4900.0
Male,No,1,Not Graduate,Yes,2769,1542.0,190.0,360.0,1.0,Semiurban,N,4311.0,22.57068062827225,0.04406307977736549,0.5263157894736842,4121.0
Male,Yes,2,Not Graduate,No,2309,1255.0,125.0,360.0,0.0,Rural,N,3564.0,28.285714285714285,0.03506311360448808,0.3462603878116344,3439.0
Male,Yes,2,Not Graduate,No,1958,1456.0,60.0,300.0,1.0,Urban,Y,3414.0,55.967213114754095,0.017569546120058566,0.19933554817275748,3354.0
Male,Yes,0,Graduate,No,3948,1733.0,149.0,360.0,0.0,Rural,N,5681.0,37.873333333333335,0.026223160858852516,0.41274238227146814,5532.0
Male,Yes,0,Graduate,No,2483,2466.0,90.0,180.0,0.0,Rural,Y,4949.0,54.38461538461539,0.01818181818181818,0.4972375690607735,4859.0
Male,No,0,Graduate,Yes,7085,0.0,84.0,360.0,1.0,Semiurban,Y,7085.0,83.3529411764706,0.011854360711261643,0.23268698060941828,7001.0
Male,Yes,2,Graduate,No,3859,0.0,96.0,360.0,1.0,Semiurban,Y,3859.0,39.78350515463917,0.024870466321243522,0.2659279778393352,3763.0
Male,Yes,0,Graduate,No,4301,0.0,118.0,360.0,1.0,Urban,Y,4301.0,36.142857142857146,0.027429102742910275,0.3268698060941828,4183.0
Male,Yes,0,Graduate,No,3708,2569.0,173.0,360.0,1.0,Urban,N,6277.0,36.07471264367816,0.027556546670914304,0.4792243767313019,6104.0
Male,No,2,Graduate,No,4354,0.0,136.0,360.0,1.0,Rural,Y,4354.0,31.78102189781022,0.031228473019517797,0.3767313019390582,4218.0
Male,Yes,0,Graduate,No,8334,0.0,160.0,360.0,1.0,Semiurban,N,8334.0,51.7639751552795,0.01919616076784643,0.44321329639889195,8174.0
Male,Yes,0,Graduate,Yes,2083,4083.0,160.0,360.0,1.0,Semiurban,Y,6166.0,38.298136645962735,0.025944543538187124,0.44321329639889195,6006.0
Male,Yes,3+,Graduate,No,7740,0.0,128.0,180.0,1.0,Urban,Y,7740.0,60.0,0.016535331352538433,0.7071823204419889,7612.0
Male,Yes,0,Graduate,No,3015,2188.0,153.0,360.0,1.0,Rural,Y,5203.0,33.785714285714285,0.029400461183704842,0.42382271468144045,5050.0
Female,No,1,Not Graduate,No,5191,0.0,132.0,360.0,1.0,Semiurban,Y,5191.0,39.03007518796993,0.025423728813559324,0.3656509695290859,5059.0
Male,No,0,Graduate,No,4166,0.0,98.0,360.0,0.0,Semiurban,N,4166.0,42.08080808080808,0.02351811855051596,0.27146814404432135,4068.0
Male,No,0,Graduate,No,6000,0.0,140.0,360.0,1.0,Rural,Y,6000.0,42.5531914893617,0.023329445092484587,0.3878116343490305,5860.0
Male,Yes,3+,Not Graduate,No,2947,1664.0,70.0,180.0,0.0,Urban,N,4611.0,64.94366197183099,0.015177797051170859,0.3867403314917127,4541.0
Male,Yes,0,Graduate,No,16692,0.0,110.0,360.0,1.0,Semiurban,Y,16692.0,150.3783783783784,0.006589588450248607,0.3047091412742382,16582.0
Female,Yes,2,Not Graduate,No,210,2917.0,98.0,360.0,1.0,Semiurban,Y,3127.0,31.585858585858585,0.03132992327365729,0.27146814404432135,3029.0
Male,Yes,0,Graduate,No,4333,2451.0,110.0,360.0,1.0,Urban,N,6784.0,61.11711711711712,0.016212232866617538,0.3047091412742382,6674.0
Male,Yes,1,Graduate,Yes,3450,2079.0,162.0,360.0,1.0,Semiurban,Y,5529.0,33.920245398773005,0.029294755877034357,0.4487534626038781,5367.0
Male,Yes,1,Not Graduate,No,2653,1500.0,113.0,180.0,0.0,Rural,N,4153.0,36.42982456140351,0.02720269619643717,0.6243093922651933,4040.0
Male,Yes,3+,Graduate,No,4691,0.0,100.0,360.0,1.0,Semiurban,Y,4691.0,46.445544554455445,0.021312872975277068,0.2770083102493075,4591.0
Female,No,0,Graduate,Yes,2500,0.0,93.0,360.0,1.0,Urban,Y,2500.0,26.595744680851062,0.03718512594962015,0.25761772853185594,2407.0
Male,No,2,Graduate,No,5532,4648.0,162.0,360.0,1.0,Rural,Y,10180.0,62.45398773006135,0.015911992928003143,0.4487534626038781,10018.0
Male,Yes,2,Graduate,Yes,16525,1014.0,150.0,360.0,1.0,Rural,Y,17539.0,116.1523178807947,0.00855188141391106,0.4155124653739612,17389.0
Male,Yes,2,Graduate,No,6700,1750.0,230.0,300.0,1.0,Semiurban,Y,8450.0,36.58008658008658,0.027215714116672583,0.7641196013289037,8220.0
Male,Yes,2,Graduate,No,2873,1872.0,132.0,360.0,0.0,Semiurban,N,4745.0,35.67669172932331,0.02781289506953224,0.3656509695290859,4613.0
Male,Yes,1,Graduate,Yes,16667,2250.0,86.0,360.0,1.0,Semiurban,Y,18917.0,217.4367816091954,0.004545935088275717,0.23822714681440443,18831.0
Male,Yes,2,Graduate,No,2947,1603.0,128.0,360.0,1.0,Urban,N,4550.0,35.27131782945737,0.02812568666227203,0.3545706371191136,4422.0
Female,No,0,Not Graduate,No,4350,0.0,154.0,360.0,1.0,Rural,Y,4350.0,28.06451612903226,0.03539416226154907,0.4265927977839335,4196.0
Male,Yes,3+,Not Graduate,No,3095,0.0,113.0,360.0,1.0,Rural,Y,3095.0,27.149122807017545,0.03649870801033592,0.31301939058171746,2982.0
Male,Yes,0,Graduate,No,2083,3150.0,128.0,360.0,1.0,Semiurban,Y,5233.0,40.565891472868216,0.02445548337791364,0.3545706371191136,5105.0
Male,Yes,0,Graduate,No,10833,0.0,234.0,360.0,1.0,Semiurban,Y,10833.0,46.09787234042553,0.021598670851024553,0.6481994459833795,10599.0
Male,Yes,2,Graduate,No,8333,0.0,246.0,360.0,1.0,Semiurban,Y,8333.0,33.73684210526316,0.029517638588912886,0.6814404432132964,8087.0
Male,Yes,1,Not Graduate,No,1958,2436.0,131.0,360.0,1.0,Rural,Y,4394.0,33.28787878787879,0.029806598407281,0.3628808864265928,4263.0
Male,No,2,Graduate,No,3547,0.0,80.0,360.0,0.0,Rural,N,3547.0,43.79012345679013,0.02254791431792559,0.22160664819944598,3467.0
Male,Yes,1,Graduate,No,18333,0.0,500.0,360.0,1.0,Urban,N,18333.0,36.59281437125748,0.027271735573251882,1.3850415512465375,17833.0
Male,Yes,2,Graduate,Yes,4583,2083.0,160.0,360.0,1.0,Semiurban,Y,6666.0,41.40372670807454,0.023998800059997,0.44321329639889195,6506.0
Male,No,0,Graduate,No,2435,0.0,75.0,360.0,1.0,Urban,N,2435.0,32.03947368421053,0.03078817733990148,0.2077562326869806,2360.0
Male,No,0,Not Graduate,No,2699,2785.0,96.0,360.0,1.0,Semiurban,Y,5484.0,56.5360824742268,0.017502278942570646,0.2659279778393352,5388.0
Male,Yes,1,Not Graduate,No,5333,1131.0,186.0,360.0,1.0,Urban,Y,6464.0,34.5668449197861,0.02877030162412993,0.5152354570637119,6278.0
Male,No,0,Not Graduate,No,3691,0.0,110.0,360.0,1.0,Rural,Y,3691.0,33.252252252252255,0.029794149512459372,0.3047091412742382,3581.0
Female,No,0,Not Graduate,Yes,17263,0.0,225.0,360.0,1.0,Semiurban,Y,17263.0,76.38495575221239,0.013032900834105653,0.6232686980609419,17038.0
Male,Yes,0,Graduate,No,3597,2157.0,119.0,360.0,0.0,Rural,N,5754.0,47.95,0.020677671589921807,0.3296398891966759,5635.0
Female,Yes,1,Graduate,No,3326,913.0,105.0,84.0,1.0,Semiurban,Y,4239.0,39.990566037735846,0.024764150943396228,1.2352941176470589,4134.0
Male,Yes,0,Not Graduate,No,2600,1700.0,107.0,360.0,1.0,Rural,Y,4300.0,39.81481481481482,0.02487793536386887,0.296398891966759,4193.0
Male,Yes,0,Graduate,No,4625,2857.0,111.0,12.0,1.0,Urban,Y,7482.0,66.80357142857143,0.014833622878524655,8.538461538461538,7371.0
Male,Yes,1,Graduate,Yes,2895,0.0,95.0,360.0,1.0,Semiurban,Y,2895.0,30.15625,0.03280386740331492,0.2631578947368421,2800.0
Male,No,0,Graduate,No,6283,4416.0,209.0,360.0,0.0,Rural,N,10699.0,50.94761904761905,0.01953271028037383,0.5789473684210527,10490.0
Female,No,0,Graduate,No,645,3683.0,113.0,480.0,1.0,Rural,Y,4328.0,37.96491228070175,0.026103026103026103,0.23492723492723494,4215.0
Female,No,0,Graduate,No,3159,0.0,100.0,360.0,1.0,Semiurban,Y,3159.0,31.277227722772277,0.03164556962025317,0.2770083102493075,3059.0
Male,Yes,2,Graduate,No,4865,5624.0,208.0,360.0,1.0,Semiurban,Y,10489.0,50.186602870813395,0.01982840800762631,0.5761772853185596,10281.0
Male,Yes,1,Not Graduate,No,4050,5302.0,138.0,360.0,1.0,Rural,N,9352.0,67.28057553956835,0.014754624184753555,0.38227146814404434,9214.0
Male,Yes,0,Not Graduate,No,3814,1483.0,124.0,300.0,1.0,Semiurban,Y,5297.0,42.376,0.023405058512646282,0.4119601328903654,5173.0
Male,Yes,2,Graduate,No,3510,4416.0,243.0,360.0,1.0,Rural,Y,7926.0,32.48360655737705,0.03065472435978302,0.6731301939058172,7683.0
Male,Yes,0,Graduate,No,20833,6667.0,480.0,360.0,1.0,Urban,Y,27500.0,57.17255717255717,0.017453910766881204,1.3296398891966759,27020.0
Male,No,0,Graduate,No,3583,0.0,96.0,360.0,1.0,Urban,N,3583.0,36.93814432989691,0.026785714285714284,0.2659279778393352,3487.0
Male,Yes,0,Graduate,Yes,2479,3013.0,188.0,360.0,1.0,Urban,Y,5492.0,29.058201058201057,0.03422537775350446,0.5207756232686981,5304.0
Female,No,1,Graduate,No,13262,0.0,40.0,360.0,1.0,Urban,Y,13262.0,323.4634146341463,0.0030159089195506295,0.11080332409972299,13222.0
Male,No,0,Not Graduate,No,3598,1287.0,100.0,360.0,1.0,Rural,N,4885.0,48.366336633663366,0.020466639377814164,0.2770083102493075,4785.0
Male,Yes,1,Graduate,No,6065,2004.0,250.0,360.0,1.0,Semiurban,Y,8069.0,32.147410358565736,0.030978934324659233,0.6925207756232687,7819.0
Male,Yes,2,Graduate,No,3283,2035.0,148.0,360.0,1.0,Urban,Y,5318.0,35.691275167785236,0.027824779093814627,0.4099722991689751,5170.0
Male,Yes,0,Graduate,No,2130,6666.0,70.0,180.0,1.0,Semiurban,N,8796.0,123.88732394366197,0.00795725815618961,0.3867403314917127,8726.0
Male,No,0,Graduate,No,5815,3666.0,311.0,360.0,1.0,Rural,N,9481.0,30.387820512820515,0.032798987555368066,0.8614958448753463,9170.0
Male,Yes,3+,Graduate,No,3466,3428.0,150.0,360.0,1.0,Rural,Y,6894.0,45.65562913907285,0.021754894851341553,0.4155124653739612,6744.0
Female,Yes,2,Graduate,No,2031,1632.0,113.0,480.0,1.0,Semiurban,Y,3663.0,32.13157894736842,0.03084061135371179,0.23492723492723494,3550.0
Male,Yes,0,Not Graduate,No,3074,1800.0,123.0,360.0,0.0,Semiurban,N,4874.0,39.306451612903224,0.02523076923076923,0.3407202216066482,4751.0
Male,No,0,Graduate,No,4683,1915.0,185.0,360.0,1.0,Semiurban,N,6598.0,35.473118279569896,0.028034550689498408,0.5124653739612188,6413.0
Female,No,0,Not Graduate,No,3400,0.0,95.0,360.0,1.0,Rural,N,3400.0,35.416666666666664,0.027932960893854747,0.2631578947368421,3305.0
Male,Yes,2,Not Graduate,No,2192,1742.0,45.0,360.0,1.0,Semiurban,Y,3934.0,85.52173913043478,0.011435832274459974,0.12465373961218837,3889.0
Male,No,0,Graduate,No,2500,0.0,55.0,360.0,1.0,Semiurban,Y,2500.0,44.642857142857146,0.021991203518592562,0.1523545706371191,2445.0
Male,Yes,3+,Graduate,Yes,5677,1424.0,100.0,360.0,1.0,Rural,Y,7101.0,70.3069306930693,0.014080540692762602,0.2770083102493075,7001.0
Male,Yes,2,Graduate,Yes,7948,7166.0,480.0,360.0,1.0,Rural,Y,15114.0,31.422037422037423,0.03175653324512074,1.3296398891966759,14634.0
Male,No,0,Graduate,No,4680,2087.0,128.0,360.0,1.0,Semiurban,N,6767.0,52.457364341085274,0.018912529550827423,0.3545706371191136,6639.0
Male,Yes,2,Graduate,Yes,17500,0.0,400.0,360.0,1.0,Rural,Y,17500.0,43.64089775561097,0.02285583680932518,1.10803324099723,17100.0
Male,Yes,0,Graduate,No,3775,0.0,110.0,360.0,1.0,Semiurban,Y,3775.0,34.009009009009006,0.02913135593220339,0.3047091412742382,3665.0
Male,Yes,1,Not Graduate,No,5285,1430.0,161.0,360.0,0.0,Semiurban,Y,6715.0,41.45061728395062,0.023972602739726026,0.44598337950138506,6554.0
Male,No,1,Not Graduate,No,2679,1302.0,94.0,360.0,1.0,Semiurban,Y,3981.0,41.90526315789474,0.023606228026117528,0.26038781163434904,3887.0
Male,No,0,Not Graduate,No,6783,0.0,130.0,360.0,1.0,Semiurban,Y,6783.0,51.778625954198475,0.019162735849056603,0.3601108033240997,6653.0
Male,Yes,0,Graduate,No,1025,5500.0,216.0,360.0,1.0,Rural,Y,6525.0,30.069124423963135,0.0330983757278578,0.5983379501385041,6309.0
Male,Yes,3+,Graduate,No,4281,0.0,100.0,360.0,1.0,Urban,Y,4281.0,42.386138613861384,0.023353573096683792,0.2770083102493075,4181.0
Male,No,2,Graduate,No,3588,0.0,110.0,360.0,0.0,Rural,N,3588.0,32.32432432432432,0.030649205906937867,0.3047091412742382,3478.0
Male,No,1,Graduate,No,11250,0.0,196.0,360.0,1.0,Semiurban,N,11250.0,57.10659898477157,0.017420673717891744,0.5429362880886427,11054.0
Female,No,0,Not Graduate,Yes,18165,0.0,125.0,360.0,1.0,Urban,Y,18165.0,144.16666666666666,0.00688098645821865,0.3462603878116344,18040.0
Male,No,0,Not Graduate,No,2550,2042.0,126.0,360.0,1.0,Rural,Y,4592.0,36.15748031496063,0.027433050293925537,0.3490304709141274,4466.0
Male,Yes,0,Graduate,No,6133,3906.0,324.0,360.0,1.0,Urban,Y,10039.0,30.889230769230767,0.03227091633466136,0.8975069252077562,9715.0
Male,No,2,Graduate,No,3617,0.0,107.0,360.0,1.0,Semiurban,Y,3617.0,33.49074074074074,0.02957435046987286,0.296398891966759,3510.0
Male,Yes,0,Not Graduate,No,2917,536.0,66.0,360.0,1.0,Rural,N,3453.0,51.53731343283582,0.01910828025477707,0.18282548476454294,3387.0
Male,Yes,3+,Graduate,No,6417,0.0,157.0,180.0,1.0,Rural,Y,6417.0,40.61392405063291,0.024462449361171704,0.8674033149171271,6260.0
Female,Yes,1,Graduate,No,4608,2845.0,140.0,180.0,1.0,Semiurban,Y,7453.0,52.858156028368796,0.018781862087469816,0.7734806629834254,7313.0
Female,No,0,Graduate,No,2138,0.0,99.0,360.0,0.0,Semiurban,N,2138.0,21.38,0.04628330995792426,0.2742382271468144,2039.0
Female,No,1,Graduate,No,3652,0.0,95.0,360.0,1.0,Semiurban,Y,3652.0,38.041666666666664,0.026006022447303587,0.2631578947368421,3557.0
Male,Yes,1,Not Graduate,No,2239,2524.0,128.0,360.0,1.0,Urban,Y,4763.0,36.92248062015504,0.02686817800167926,0.3545706371191136,4635.0
Female,Yes,0,Not Graduate,No,3017,663.0,102.0,360.0,1.0,Semiurban,Y,3680.0,35.728155339805824,0.027709861450692746,0.28254847645429365,3578.0
Male,Yes,0,Graduate,No,2768,1950.0,155.0,360.0,1.0,Rural,Y,4718.0,30.243589743589745,0.03284594193685103,0.4293628808864266,4563.0
Male,No,0,Not Graduate,No,3358,0.0,80.0,36.0,1.0,Semiurban,N,3358.0,41.45679012345679,0.023816612086930634,2.1621621621621623,3278.0
Male,No,0,Graduate,No,2526,1783.0,145.0,360.0,1.0,Rural,Y,4309.0,29.513698630136986,0.033642691415313224,0.40166204986149584,4164.0
Female,No,0,Graduate,No,5000,0.0,103.0,360.0,0.0,Semiurban,N,5000.0,48.07692307692308,0.020595880823835233,0.2853185595567867,4897.0
Male,Yes,0,Graduate,No,2785,2016.0,110.0,360.0,1.0,Rural,Y,4801.0,43.252252252252255,0.022907122032486463,0.3047091412742382,4691.0
Male,Yes,2,Graduate,Yes,6633,0.0,128.0,360.0,0.0,Rural,N,6633.0,51.41860465116279,0.01929454326198372,0.3545706371191136,6505.0
Male,Yes,1,Not Graduate,No,2492,2375.0,128.0,360.0,1.0,Rural,Y,4867.0,37.72868217054263,0.02629416598192276,0.3545706371191136,4739.0
Male,Yes,1,Graduate,No,3333,3250.0,158.0,360.0,1.0,Urban,Y,6583.0,41.40251572327044,0.02399756986634265,0.4376731301939058,6425.0
Male,Yes,0,Not Graduate,No,2454,2333.0,181.0,360.0,0.0,Urban,N,4787.0,26.302197802197803,0.03780284043441938,0.5013850415512465,4606.0
Male,Yes,0,Graduate,No,3593,4266.0,132.0,180.0,0.0,Rural,N,7859.0,59.090225563909776,0.016793893129770993,0.7292817679558011,7727.0
Male,Yes,1,Graduate,No,5468,1032.0,26.0,360.0,1.0,Semiurban,Y,6500.0,240.74074074074073,0.003999384710044608,0.07202216066481995,6474.0
Female,No,0,Graduate,No,2667,1625.0,84.0,360.0,1.0,Urban,Y,4292.0,50.49411764705882,0.019566736547868623,0.23268698060941828,4208.0
Male,Yes,3+,Graduate,Yes,10139,0.0,260.0,360.0,1.0,Semiurban,Y,10139.0,38.84674329501916,0.02564102564102564,0.7202216066481995,9879.0
Male,Yes,0,Graduate,No,3887,2669.0,162.0,360.0,1.0,Semiurban,Y,6556.0,40.22085889570552,0.024706420619185602,0.4487534626038781,6394.0
Female,Yes,0,Graduate,No,4180,2306.0,182.0,360.0,1.0,Semiurban,Y,6486.0,35.442622950819676,0.028056112224448898,0.5041551246537396,6304.0
Male,Yes,2,Not Graduate,No,3675,242.0,108.0,360.0,1.0,Semiurban,Y,3917.0,35.93577981651376,0.027565084226646247,0.29916897506925205,3809.0
Female,Yes,1,Graduate,Yes,19484,0.0,600.0,360.0,1.0,Semiurban,Y,19484.0,32.41930116472546,0.030792917628945343,1.6620498614958448,18884.0
Male,Yes,0,Graduate,No,5923,2054.0,211.0,360.0,1.0,Rural,Y,7977.0,37.62735849056604,0.026447731260967663,0.5844875346260388,7766.0
Male,No,0,Not Graduate,Yes,5800,0.0,132.0,360.0,1.0,Semiurban,Y,5800.0,43.609022556390975,0.022754697465954144,0.3656509695290859,5668.0
Male,Yes,2,Graduate,No,8799,0.0,258.0,360.0,0.0,Urban,N,8799.0,33.972972972972975,0.02931818181818182,0.7146814404432132,8541.0
Male,Yes,0,Not Graduate,No,4467,0.0,120.0,360.0,1.0,Rural,Y,4467.0,36.917355371900825,0.02685765443151298,0.33240997229916897,4347.0
Male,No,0,Graduate,No,3333,0.0,70.0,360.0,1.0,Urban,Y,3333.0,46.943661971830984,0.020995800839832032,0.19390581717451524,3263.0
Male,Yes,3+,Graduate,No,3400,2500.0,123.0,360.0,0.0,Rural,N,5900.0,47.58064516129032,0.020843924758515507,0.3407202216066482,5777.0
Female,No,0,Graduate,No,2378,0.0,9.0,360.0,1.0,Urban,N,2378.0,237.8,0.0037831021437578815,0.024930747922437674,2369.0
Male,Yes,0,Graduate,No,3166,2064.0,104.0,360.0,0.0,Urban,N,5230.0,49.80952380952381,0.019881475817243355,0.2880886426592798,5126.0
Male,Yes,1,Graduate,No,3417,1750.0,186.0,360.0,1.0,Urban,Y,5167.0,27.63101604278075,0.035990712074303405,0.5152354570637119,4981.0
Male,Yes,0,Graduate,No,5116,1451.0,165.0,360.0,0.0,Urban,N,6567.0,39.56024096385542,0.025121802679658953,0.45706371191135736,6402.0
Male,Yes,2,Graduate,No,16666,0.0,275.0,360.0,1.0,Urban,Y,16666.0,60.38405797101449,0.016499670006599867,0.7617728531855956,16391.0
Male,Yes,2,Not Graduate,No,6125,1625.0,187.0,480.0,1.0,Semiurban,N,7750.0,41.223404255319146,0.024125919236227585,0.3887733887733888,7563.0
Male,Yes,3+,Graduate,No,6406,0.0,150.0,360.0,1.0,Semiurban,N,6406.0,42.42384105960265,0.023411893241766818,0.4155124653739612,6256.0
Male,Yes,2,Graduate,No,3159,461.0,108.0,84.0,1.0,Urban,Y,3620.0,33.211009174311926,0.029826014913007456,1.2705882352941176,3512.0
Male,Yes,0,Graduate,No,3087,2210.0,136.0,360.0,0.0,Semiurban,N,5297.0,38.66423357664234,0.025670064175160438,0.3767313019390582,5161.0
Male,No,0,Graduate,No,3229,2739.0,110.0,360.0,1.0,Urban,Y,5968.0,53.765765765765764,0.018428547495392862,0.3047091412742382,5858.0
Male,Yes,1,Graduate,No,1782,2232.0,107.0,360.0,1.0,Rural,Y,4014.0,37.166666666666664,0.026650062266500622,0.296398891966759,3907.0
Male,No,0,Graduate,No,3182,2917.0,161.0,360.0,1.0,Urban,Y,6099.0,37.648148148148145,0.02639344262295082,0.44598337950138506,5938.0
Male,Yes,2,Graduate,No,6540,0.0,205.0,360.0,1.0,Semiurban,Y,6540.0,31.74757281553398,0.0313407735820211,0.5678670360110804,6335.0
Male,No,0,Graduate,No,1836,33837.0,90.0,360.0,1.0,Urban,N,35673.0,392.010989010989,0.0025228457700285922,0.24930747922437674,35583.0
Female,Yes,0,Graduate,No,3166,0.0,36.0,360.0,1.0,Semiurban,Y,3166.0,85.56756756756756,0.011367224502683928,0.0997229916897507,3130.0
Male,Yes,1,Graduate,No,1880,0.0,61.0,360.0,1.0,Rural,N,1880.0,30.322580645161292,0.03242955874534822,0.16897506925207756,1819.0
Male,Yes,1,Graduate,No,2787,1917.0,146.0,360.0,0.0,Rural,N,4704.0,32.0,0.031030818278427207,0.40443213296398894,4558.0
Male,Yes,1,Graduate,No,4283,3000.0,172.0,84.0,1.0,Rural,N,7283.0,42.09826589595376,0.023613399231191653,2.023529411764706,7111.0
Male,Yes,0,Graduate,No,2297,1522.0,104.0,360.0,1.0,Urban,Y,3819.0,36.371428571428574,0.027225130890052355,0.2880886426592798,3715.0
Female,No,0,Not Graduate,No,2165,0.0,70.0,360.0,1.0,Semiurban,Y,2165.0,30.492957746478872,0.032317636195752536,0.19390581717451524,2095.0
Male,No,0,Graduate,No,4750,0.0,94.0,360.0,1.0,Semiurban,Y,4750.0,50.0,0.01978530835613555,0.26038781163434904,4656.0
Male,Yes,2,Graduate,Yes,2726,0.0,106.0,360.0,0.0,Semiurban,N,2726.0,25.476635514018692,0.03887055372203887,0.29362880886426596,2620.0
Male,Yes,0,Graduate,No,3000,3416.0,56.0,180.0,1.0,Semiurban,Y,6416.0,112.56140350877193,0.008726819386005922,0.30939226519337015,6360.0
Male,Yes,2,Graduate,Yes,6000,0.0,205.0,240.0,1.0,Semiurban,N,6000.0,29.12621359223301,0.03416097317113814,0.8506224066390041,5795.0
Male,No,3+,Graduate,Yes,9357,0.0,292.0,360.0,1.0,Semiurban,Y,9357.0,31.935153583617748,0.031203248557384055,0.8088642659279779,9065.0
Male,Yes,0,Graduate,No,3859,3300.0,142.0,180.0,1.0,Rural,Y,7159.0,50.06293706293706,0.01983240223463687,0.7845303867403315,7017.0
Male,Yes,0,Graduate,Yes,16120,0.0,260.0,360.0,1.0,Urban,Y,16120.0,61.76245210727969,0.016128031759816388,0.7202216066481995,15860.0
Male,No,0,Not Graduate,No,3833,0.0,110.0,360.0,1.0,Rural,Y,3833.0,34.531531531531535,0.028690662493479395,0.3047091412742382,3723.0
Male,Yes,2,Not Graduate,Yes,6383,1000.0,187.0,360.0,1.0,Rural,N,7383.0,39.27127659574468,0.025325027085590465,0.518005540166205,7196.0
Male,No,0,Graduate,No,2987,0.0,88.0,360.0,0.0,Semiurban,N,2987.0,33.561797752808985,0.029451137884872823,0.24376731301939059,2899.0
Male,Yes,0,Graduate,Yes,9963,0.0,180.0,360.0,1.0,Rural,Y,9963.0,55.04419889502763,0.018065034122842234,0.4986149584487535,9783.0
Male,Yes,2,Graduate,No,5780,0.0,192.0,360.0,1.0,Urban,Y,5780.0,29.94818652849741,0.03321224701608718,0.5318559556786704,5588.0
Female,No,3+,Graduate,No,416,41667.0,350.0,180.0,1.0,Urban,N,42083.0,119.8945868945869,0.0083166999334664,1.9337016574585635,41733.0
Male,Yes,0,Not Graduate,No,2894,2792.0,155.0,360.0,1.0,Rural,Y,5686.0,36.44871794871795,0.027255143309301916,0.4293628808864266,5531.0
Male,Yes,3+,Graduate,No,5703,0.0,128.0,360.0,1.0,Urban,Y,5703.0,44.2093023255814,0.02244039270687237,0.3545706371191136,5575.0
Male,No,0,Graduate,No,3676,4301.0,172.0,360.0,1.0,Rural,Y,7977.0,46.10982658959538,0.021559288042115817,0.47645429362880887,7805.0
Female,Yes,1,Graduate,No,12000,0.0,496.0,360.0,1.0,Semiurban,Y,12000.0,24.14486921529175,0.04132988917590201,1.373961218836565,11504.0
Male,Yes,0,Not Graduate,No,2400,3800.0,128.0,180.0,1.0,Urban,N,6200.0,48.06201550387597,0.02064183196258668,0.7071823204419889,6072.0
Male,Yes,1,Graduate,No,3400,2500.0,173.0,360.0,1.0,Semiurban,Y,5900.0,33.9080459770115,0.029317064904253516,0.4792243767313019,5727.0
Male,Yes,2,Not Graduate,No,3987,1411.0,157.0,360.0,1.0,Rural,Y,5398.0,34.164556962025316,0.029079459159103538,0.43490304709141275,5241.0
Male,Yes,0,Graduate,No,3232,1950.0,108.0,360.0,1.0,Rural,Y,5182.0,47.54128440366973,0.020837352884429866,0.29916897506925205,5074.0
Female,No,0,Graduate,No,2900,0.0,71.0,360.0,1.0,Rural,Y,2900.0,40.27777777777778,0.024474319200275766,0.19667590027700832,2829.0
Male,Yes,3+,Graduate,No,4106,0.0,40.0,180.0,1.0,Rural,Y,4106.0,100.14634146341463,0.009739469198928659,0.22099447513812154,4066.0
Male,Yes,1,Graduate,No,8072,240.0,253.0,360.0,1.0,Urban,Y,8312.0,32.724409448818896,0.030434259593407915,0.7008310249307479,8059.0
Male,Yes,2,Graduate,No,7583,0.0,187.0,360.0,1.0,Urban,Y,7583.0,40.33510638297872,0.02465717299578059,0.518005540166205,7396.0
Female,No,0,Graduate,Yes,4583,0.0,133.0,360.0,0.0,Semiurban,N,4583.0,34.201492537313435,0.029013961605584643,0.3684210526315789,4450.0
