Married,Education,Self_Employed,CoapplicantIncome,Credit_History,Property_Area,Income_by_Loan,Balance_Income
0,0,0,-0.5632281059850605,0.39751587128632765,2,0.4253737524559204,-0.5655013919322909
1,0,0,-0.5632281059850605,0.39751587128632765,1,-0.49543316227876294,-0.5632387901313389
1,0,0,0.05040501959997446,-2.5156228272448207,0,-0.5181684261553887,-0.3096765483046589
1,1,0,-0.024953434419240354,-2.5156228272448207,0,-0.4253651788648478,-0.4393990515592365
1,0,0,0.23449495727548494,0.39751587128632765,1,-0.5607723798071638,-0.3409004531577956
1,1,1,0.10961523347221468,0.39751587128632765,1,-0.36832163067800827,-0.49777417802379637
1,0,0,0.6626027460608339,0.39751587128632765,1,1.9406707892386765,-0.08944997301200398
1,0,0,0.20399272588675513,0.39751587128632765,0,0.8238962305927083,-0.3755936807723919
0,0,1,-0.5632281059850605,0.39751587128632765,0,-0.3716262354216816,0.044345213484287056
1,0,0,1.455301912386765,0.39751587128632765,1,-0.31829516774920547,0.45251857837601595
0,0,0,-0.5632281059850605,0.39751587128632765,1,6.104161557345047,4.617817653808463
1,0,0,-0.5632281059850605,0.39751587128632765,2,1.7309718750432457,0.9908669668825129
0,0,0,-0.0034224475566075503,0.39751587128632765,2,-0.042561110891963294,-0.393241974819817
0,0,0,1.1413083539733697,0.39751587128632765,2,-0.06508208263034412,0.20680002279263593
1,0,0,0.2728918838471801,0.39751587128632765,0,-0.34573528608398646,-0.32657064175176664
1,0,0,0.24418390136366971,0.39751587128632765,1,-0.5936472623533229,0.1556652220911222
0,0,0,2.0240788153413147,0.39751587128632765,2,0.35351992451599434,0.6394094871346457
0,1,0,-0.5632281059850605,0.39751587128632765,0,0.3259042265567619,0.03921664940212934
1,0,0,0.08664884748540636,-2.5156228272448207,2,-0.3715480324764895,-0.1461658581558658
1,1,0,0.6076987295611203,0.39751587128632765,2,0.1937421341428067,0.0701388740151391
1,0,0,2.21785769710501,0.39751587128632765,1,-0.30266259622202846,0.6798346393116537
1,1,1,-0.5632281059850605,0.39751587128632765,2,-0.05328903846996449,-0.35507942444376106
1,0,0,0.017749689524981373,0.39751587128632765,0,-0.4411608820061826,-0.511349788829508
1,0,1,-0.5632281059850605,0.39751587128632765,0,0.4346550387062447,0.43622784540916204
1,1,0,-0.17459379311453835,0.39751587128632765,2,-0.5102490424718233,-0.37785628257334386
1,0,0,0.20542812501093066,0.39751587128632765,0,-0.1961011535588984,0.08778716806256419
1,0,0,0.9618834634514297,0.39751587128632765,2,-0.5873543816258858,0.46006058437918906
1,0,1,-0.5632281059850605,0.39751587128632765,0,-0.32598435456999075,-0.20378678402010839
1,0,0,0.9676250599481319,-2.5156228272448207,0,0.27888034664362166,0.11674847111474895
1,0,0,0.8721710181904597,-2.5156228272448207,1,-0.32694470731592895,0.005126782267786867
0,0,0,-0.5632281059850605,0.39751587128632765,2,-0.4149576546630951,-0.6817991245012203
0,0,0,-0.5632281059850605,0.39751587128632765,2,-0.0316492928048154,-0.6060773842293623
0,0,0,-0.5632281059850605,0.39751587128632765,1,-0.49033546023019103,-0.48540528817859246
0,0,0,-0.5632281059850605,0.39751587128632765,2,-0.4095674918579239,-0.5228136379543311
1,1,0,-0.1573690036244321,0.39751587128632765,2,-0.48326331917477977,-0.10181886285720788
1,0,0,-0.5632281059850605,0.39751587128632765,1,-0.18105224015568339,-0.1736187600074159
0,0,0,-0.5632281059850605,-2.5156228272448207,1,-0.4509421702093864,-0.4378906503586018
1,0,0,-0.5632281059850605,-2.5156228272448207,1,-0.489225522859346,-0.4042533035844497
0,0,0,-0.5632281059850605,0.39751587128632765,0,-0.23506167278019602,-0.16487003304373513
0,0,0,1.2536283354401043,0.39751587128632765,0,1.632093309343107,-0.0061862267369728035
1,0,1,0.5212159323295451,0.39751587128632765,2,-0.4314437832428752,-0.4587065869273596
1,0,0,-0.043972472814566,0.39751587128632765,0,-0.4602240460846551,-0.22580944154937388
0,0,0,-0.5632281059850605,0.39751587128632765,1,-0.5132606300727268,-0.44377341504107687
1,0,0,0.48640750356828877,0.39751587128632765,2,-0.21108884853538937,-0.3208387171893551
0,1,0,0.36906362516693997,0.39751587128632765,0,-0.0711781611220919,-0.19398217621598332
1,1,0,-0.5632281059850605,0.39751587128632765,0,-0.7137931146009382,-0.5989878985863796
1,0,0,0.7526740411028476,0.39751587128632765,1,-0.42102057391292336,0.2229399156394264
1,0,0,-0.022082636170889316,0.39751587128632765,0,-0.09011699638388918,-0.1493335006771985
0,0,1,-0.5632281059850605,0.39751587128632765,2,-0.6825486388292592,-0.5448362954835966
1,0,0,1.0856866379115684,0.39751587128632765,1,-0.319090122893189,0.4691109915829968
0,0,0,-0.5632281059850605,0.39751587128632765,1,-0.635920928721017,0.16592235025543764
0,0,0,-0.5632281059850605,-2.5156228272448207,0,-0.19661999633662772,-0.5258304403556003
1,0,0,-0.5632281059850605,0.39751587128632765,0,0.8790945265890594,1.1230029120581058
1,0,1,0.9425055752750603,0.39751587128632765,2,-0.44278209869271684,0.36095862549749436
1,0,0,-0.26538278771864,0.39751587128632765,1,-0.15408610005140447,-0.20936786846245647
1,1,0,-0.05007291909231196,-2.5156228272448207,1,-0.2693277455922319,-0.060186989719692295
0,0,0,-0.5632281059850605,-2.5156228272448207,1,0.3607421342806508,1.1771545151608886
1,0,1,0.2118874210697205,0.39751587128632765,1,-0.21731186581742823,0.1268547591590009
1,0,0,0.06475901084172966,0.39751587128632765,1,-0.42069529882610884,0.19111265030603586
1,0,0,-0.5632281059850605,0.39751587128632765,0,0.11812567742371752,-0.37016343645010724
1,0,0,-0.5632281059850605,0.39751587128632765,1,-0.5005998810515647,-0.4959640965830348
1,1,0,-0.37088462334554073,0.39751587128632765,0,0.04414908251995633,-0.5378976499606773
1,1,0,0.8004010619816837,0.39751587128632765,2,-0.06385708277288803,-0.13289192759028112
1,0,0,0.07373025536782667,0.39751587128632765,1,-0.26214242712418,-0.23863085175476817
1,0,0,-0.5632281059850605,0.39751587128632765,2,-0.3099093995439588,-0.1924737750153487
0,0,0,-0.5632281059850605,-2.5156228272448207,1,-0.2497425207387794,-0.4351755281974595
1,0,0,-0.5632281059850605,0.39751587128632765,1,-0.6028473347930026,-0.5062212247473502
0,0,0,-0.5632281059850605,0.39751587128632765,1,-0.33932656724159727,-0.38026972449435925
1,0,0,-0.5632281059850605,-2.5156228272448207,1,0.5711067702818591,-0.30545302494288196
0,0,0,-0.5632281059850605,0.39751587128632765,1,-0.5836635126999649,-0.5315623649180119
0,1,0,-0.5632281059850605,0.39751587128632765,1,0.05164865251432771,-0.04525381783340953
1,1,0,0.12253382558979435,-2.5156228272448207,1,-0.35930118728320376,-0.38585080893670737
1,0,0,0.007701895655752732,0.39751587128632765,1,-0.36471229089181384,-0.5016960211454463
1,0,0,0.10710328500490751,0.39751587128632765,2,-0.3017741768831653,-0.5077296259479849
1,0,0,0.09777319069776663,0.39751587128632765,1,-0.3272703509720734,-0.3734819190915034
1,0,0,-0.5632281059850605,0.39751587128632765,0,1.1281984451833849,-0.49460653550246364
1,0,0,-0.5632281059850605,0.39751587128632765,2,2.343815620397968,-0.203334263659918
1,0,0,0.11176833215847795,0.39751587128632765,2,-0.9546592603670446,-0.5823954853793987
1,0,0,-0.5632281059850605,0.39751587128632765,2,0.3071545407219907,0.09940185730745078
0,1,0,-0.5632281059850605,0.39751587128632765,0,-0.5310304027896077,-0.7249393988393705
0,1,1,-0.5632281059850605,0.39751587128632765,1,-0.20224829473953557,-0.19383133609591988
1,0,1,-0.5632281059850605,0.39751587128632765,0,-0.2012576694446482,1.530572916469581
0,0,0,-0.5632281059850605,0.39751587128632765,0,0.014886776858616864,-0.69703397662763
1,0,0,-0.5632281059850605,0.39751587128632765,2,-0.27858737012733176,-0.255223264961749
1,0,0,0.14155286398512,0.39751587128632765,0,-0.10695645168936745,-0.24255269487641817
1,0,0,0.17851439143263964,0.39751587128632765,2,-0.5114801973530729,-0.413152870668194
1,1,1,0.6744447888352819,-2.5156228272448207,0,-0.4233714676457733,-0.15989230908164087
1,0,0,-0.03966627544203944,0.39751587128632765,1,-0.45887064945185524,-0.297307658459455
1,1,0,-0.5632281059850605,-2.5156228272448207,1,-0.01819585110697002,-0.34587817711988983
1,1,0,0.07157715668156339,0.39751587128632765,0,-0.3956670519751974,-0.5217577571138868
1,1,1,-0.5632281059850605,0.39751587128632765,0,0.03930030210596922,0.007691064308865726
1,0,1,-0.5632281059850605,0.39751587128632765,1,-0.6523486000551443,-0.17467464084786016
1,0,0,0.3586569815166675,0.39751587128632765,0,-0.08871099108301451,0.22837015996171103
0,0,0,-0.5632281059850605,0.39751587128632765,1,-0.5854988529315065,-0.587373209341493
0,0,0,-0.5632281059850605,0.39751587128632765,1,-0.491007951696056,-0.6214630764758354
1,1,1,-0.5632281059850605,0.39751587128632765,2,-0.49886760469600383,-0.35538110468388795
1,0,0,-0.5632281059850605,0.39751587128632765,2,1.1110635157613162,0.3979144549130426
1,0,0,-0.5632281059850605,0.39751587128632765,0,-0.2542661547411393,-0.19036201333446023
1,0,0,-0.5632281059850605,0.39751587128632765,1,-0.49454052146351707,-0.04193533519201336
0,0,0,0.33389634662463974,0.39751587128632765,0,-0.124855125320402,-0.08944997301200398
0,0,0,-0.5632281059850605,0.39751587128632765,0,-0.25025093027977935,1.9307517549979463
0,1,0,-0.5632281059850605,0.39751587128632765,0,-0.48436079735559706,-0.48721536961935397
1,0,0,-0.3895448119598225,0.39751587128632765,1,-0.6983181363964832,-0.5019977013855733
0,0,0,-0.5632281059850605,0.39751587128632765,2,-0.1762848474683059,-0.5178359139922368
1,0,0,-0.5632281059850605,0.39751587128632765,1,3.115956051721058,1.4524377342767074
0,0,0,-0.5632281059850605,0.39751587128632765,0,-1.1832658922944836,-0.6222172770761527
1,0,0,-0.5632281059850605,0.39751587128632765,1,-0.570881352253312,-0.09322097601359053
1,0,0,-0.20545487428431203,0.39751587128632765,1,0.25474808603581567,-0.6077366255500604
1,0,0,-0.47710415853452925,0.39751587128632765,2,-0.5405229826874967,0.16682739097581842
0,0,0,-0.5632281059850605,-2.5156228272448207,1,-0.5820916331754892,-0.4206948766713671
1,1,0,0.832697542275633,-2.5156228272448207,1,-0.7024269086324129,-0.24074261343565664
1,0,0,0.1559068552268752,0.39751587128632765,1,-0.5584551025775332,0.13062576216058747
0,0,0,-0.12794332157883392,0.39751587128632765,2,0.3932671817433874,-0.6014013405073949
0,0,1,-0.5632281059850605,-2.5156228272448207,2,0.16432685521409768,0.49415045151353154
1,0,0,-0.5632281059850605,0.39751587128632765,1,-0.5204371141216565,1.0851420419221767
1,0,0,-0.31633945662687096,0.39751587128632765,0,-0.4113127452406782,-0.17723892288893903
1,0,0,0.1738493442790692,0.39751587128632765,0,-0.3881479243615399,0.12263123579722397
0,0,0,-0.5632281059850605,0.39751587128632765,0,0.2917438400358774,0.019154913433688858
1,1,0,-0.12220172508213185,0.39751587128632765,2,-0.4271911930101969,-0.20031746125864874
1,0,0,-0.5632281059850605,-2.5156228272448207,0,5.415695095864645,11.114954145301974
0,1,0,-0.5632281059850605,0.39751587128632765,0,-0.6853442954014061,-0.41586799282933634
0,0,0,-0.5632281059850605,0.39751587128632765,2,1.6876301946027155,-0.5650488715721005
1,0,1,-0.12901987092196557,0.39751587128632765,0,-0.44821291336640284,-0.3630739508071245
0,1,0,0.03461562923404374,0.39751587128632765,0,0.01558408374072612,-0.2253569211891835
1,0,0,0.12468692427605764,-2.5156228272448207,0,-0.5630363580205431,-0.361263869366363
1,1,1,-0.20437832494118038,0.39751587128632765,0,-0.3370578324542354,0.03665236736105048
1,0,0,-0.5632281059850605,0.39751587128632765,1,1.1017497050177791,-0.5766635608169871
0,0,1,0.9916679952780718,0.39751587128632765,2,1.1092815114341903,0.49927901559568927
1,1,0,0.33389634662463974,0.39751587128632765,1,0.18420763195146025,-0.29308413509767806
1,0,0,0.034974479015087614,-2.5156228272448207,2,0.9390788838564497,0.2796558007832882
0,0,0,0.6737270892731941,0.39751587128632765,0,-0.015486727655762544,0.06606619077342563
1,0,0,-0.5632281059850605,0.39751587128632765,2,2.4514269495596994,8.43105588901279
1,0,0,-0.5632281059850605,0.39751587128632765,2,-0.5761219354452429,-0.6980898574680743
1,0,0,0.5671487043031618,0.39751587128632765,1,-0.29682347233103595,-0.27875432369164915
0,0,0,-0.5632281059850605,0.39751587128632765,2,-0.35161354320614213,-0.2674413146868895
1,0,1,-0.5632281059850605,0.39751587128632765,1,-0.9805448927715982,-0.7068385844317551
1,1,0,-0.4763864589724415,0.39751587128632765,1,-0.4407192231710848,-0.47424311929389623
0,0,0,-0.5632281059850605,0.39751587128632765,2,8.495135453802868,0.9456149308634741
0,0,0,-0.5632281059850605,0.39751587128632765,1,1.3196147451319549,-0.4270301617140325
0,0,0,0.019902788211244655,0.39751587128632765,2,0.011728386863180871,-0.4140579113885748
0,0,0,-0.5632281059850605,0.39751587128632765,2,-0.36983655884567657,-0.16728347496475052
1,0,0,0.2739684331903117,0.39751587128632765,1,-0.38944215322037423,-0.2760392015305068
1,0,0,1.4104456897562798,0.39751587128632765,0,-0.623044584908812,-0.09714281913524056
0,0,0,-0.5632281059850605,0.39751587128632765,1,-0.1701185287413887,-0.6799890430604588
0,0,0,0.345020689837,0.39751587128632765,1,-0.44666307046712284,-0.33064332499348015
1,0,0,-0.5632281059850605,-2.5156228272448207,1,0.5108437462215654,4.894156753764726
1,1,0,0.4386804826894527,0.39751587128632765,0,-0.42477800551886763,-0.2144964325446142
1,0,0,0.13652896705050568,0.39751587128632765,0,-0.08004049220473293,-0.28343036741361644
0,0,1,-0.5632281059850605,0.39751587128632765,0,-0.06447125054179763,-0.04103029447163259
0,0,0,-0.5632281059850605,0.39751587128632765,0,-0.5698418134330238,-0.41254951018794017
1,0,1,0.9019555500171018,0.39751587128632765,1,-0.3673013155793431,-0.14284737551446963
0,1,1,-0.5632281059850605,0.39751587128632765,1,0.35007211906133334,-0.47484647977415007
1,0,0,-0.5632281059850605,0.39751587128632765,1,-0.3248602776566712,0.2868961265463344
0,0,0,1.4825744957460998,0.39751587128632765,2,0.16889618822031524,0.23500712524450337
1,0,0,-0.14445041150685242,0.39751587128632765,1,-0.32868101029068436,-0.47891916301586357
0,0,1,-0.5632281059850605,0.39751587128632765,1,0.23752963215704262,0.05580906260911019
1,0,0,-0.5632281059850605,0.39751587128632765,2,0.3190903889707884,1.423627271344586
1,0,0,-0.5632281059850605,0.39751587128632765,1,-0.5350422124230461,-0.41828143475035173
0,1,0,-0.5632281059850605,-2.5156228272448207,0,0.062011476575002195,-0.15431122463929275
0,0,0,-0.5632281059850605,-2.5156228272448207,0,-0.28358076653865516,-0.29459253629831267
0,0,0,0.45590527217955895,0.39751587128632765,0,-0.28927754422359075,-0.3580962268450303
0,0,0,-0.5632281059850605,0.39751587128632765,2,-0.39483327759305037,0.29700241459058635
0,0,0,0.18569138705351726,0.39751587128632765,1,0.0727426513320449,-0.047365579514298005
1,0,0,0.671215140805887,-2.5156228272448207,2,0.005361652285604187,-0.14903182043707158
1,0,0,1.455301912386765,0.39751587128632765,2,-0.41866020076986055,0.6504208158992785
1,0,1,0.24418390136366971,0.39751587128632765,1,5.2000136294233394,1.7916771642994342
0,0,0,14.38896572077029,0.39751587128632765,2,2.168573269279611,5.246217593992847
1,1,0,-0.32531070115296795,0.39751587128632765,1,-0.44717182781349285,-0.509087187028556
0,0,1,-0.5632281059850605,0.39751587128632765,1,-0.330302672033802,-0.026851323185667134
1,0,0,-0.5632281059850605,0.39751587128632765,1,0.05119333137580621,0.18417400478311657
1,0,0,-0.017058739236274992,0.39751587128632765,2,-0.42718002382910664,-0.4884220905798617
1,0,0,0.18425598792934172,0.39751587128632765,0,-0.3670429009880948,-0.0019627033751958597
1,1,0,0.2739684331903117,-2.5156228272448207,2,-0.7401140585692102,-0.3540235436033168
0,0,0,-0.5632281059850605,-2.5156228272448207,0,-0.5529569267609771,-0.5241711990349023
1,0,0,-0.5632281059850605,0.39751587128632765,2,-0.49489442520895854,-0.37272771849118613
0,0,0,-0.5632281059850605,0.39751587128632765,1,-0.0036279231146284945,-0.34648153760014366
0,1,0,0.1519595076353925,0.39751587128632765,1,-0.16006204920688646,-0.06048866995981922
0,0,0,-0.5632281059850605,0.39751587128632765,2,-0.24520949167029382,-0.5822446452593352
0,0,0,0.10530903609968811,-2.5156228272448207,2,-0.2957634391210505,-0.42144907727168446
1,0,0,0.22193521493894913,0.39751587128632765,0,-0.5075394894782896,-0.28705053029513955
0,1,0,0.0353333287961315,0.39751587128632765,1,-0.04114580613634619,-0.2484354595588932
1,0,0,-0.5632281059850605,0.39751587128632765,2,-0.43428362300251505,-0.41782891439016134
1,1,0,-0.5632281059850605,0.39751587128632765,2,-0.3929746495484552,-0.1629091114829101
0,0,0,-0.5632281059850605,0.39751587128632765,1,-0.23102972592191093,-0.5330707661186466
0,1,0,-0.5632281059850605,0.39751587128632765,0,-0.4568523495430316,-0.5502665398058812
1,0,0,0.09813204047881051,0.39751587128632765,1,-0.3733086764686716,-0.35462690408357067
1,0,0,0.09454354266837171,0.39751587128632765,0,0.11381694167224865,0.3923333704706945
1,1,1,-0.5632281059850605,0.39751587128632765,2,0.193694276146717,0.00331670082702532
1,0,0,0.6331770640152357,0.39751587128632765,1,-0.5305209672954402,-0.21238467086372573
1,0,0,-0.31203325925434444,0.39751587128632765,2,0.14957469990342334,-0.4710754767725635
0,1,0,-0.5632281059850605,0.39751587128632765,1,-0.425367431891264,-0.40199070178349783
0,0,0,-0.5632281059850605,0.39751587128632765,2,-0.3128756587347707,-0.5715349967348294
1,1,0,1.0218113768857577,0.39751587128632765,1,0.40314622108443027,0.11267578787303546
1,0,0,-0.2007898271307416,0.39751587128632765,1,-0.04106308353131213,0.22022479347828408
1,0,0,0.4620057184573049,0.39751587128632765,2,0.5185976098679763,0.06304938837215637
1,1,0,-0.5632281059850605,0.39751587128632765,1,-0.3695802971982133,-0.32430803995081475
0,0,1,-0.5632281059850605,0.39751587128632765,1,-0.3129648871194496,-0.2888606117359011
1,1,0,0.4896371515976837,-2.5156228272448207,2,0.00761314472627056,-0.3487441394010956
1,0,0,0.6927461276685198,0.39751587128632765,2,0.0767468520155316,-0.14601501803580233
0,0,1,-0.5632281059850605,0.39751587128632765,2,2.5122301174675274,0.5979284541171936
1,0,0,0.2739684331903117,0.39751587128632765,2,0.12282020911813343,-1.7818143708499909e-06
1,1,0,-0.5632281059850605,0.39751587128632765,2,-0.5958010208746363,-0.46594691269040583
1,1,0,0.2890401239941547,0.39751587128632765,0,-0.384998962070728,-0.3339618076348763
1,0,0,-0.19289513194777624,0.39751587128632765,1,5.924259813028295,-0.07225419932476927
0,0,0,-0.5632281059850605,-2.5156228272448207,2,-0.1408565435100187,-0.5308081643176946
1,1,0,0.03389792967195598,-2.5156228272448207,2,0.4607948855200942,-0.36382815140744185
0,0,0,-0.5632281059850605,0.39751587128632765,0,-0.19064263380929586,-0.679084002340078
0,0,0,0.1289931216485842,0.39751587128632765,2,0.07634676424599476,-0.4651927120900885
1,0,0,-0.5632281059850605,0.39751587128632765,2,-0.3039958682162972,0.06682039137374293
1,1,0,0.007343045874708852,0.39751587128632765,0,-0.3069419711536235,-0.28508960873431455
1,0,0,-0.09672339062801637,0.39751587128632765,2,0.13181184198947843,-0.3967112975812766
1,0,0,0.06475901084172966,0.39751587128632765,2,-0.6988167178892691,-0.29745849857951845
1,0,0,0.21081087172658886,-2.5156228272448207,0,-0.06733832820113535,-0.19880906005801413
0,0,0,-0.5632281059850605,0.39751587128632765,2,-0.1484188229330844,-0.18583680973255637
1,0,0,0.3586569815166675,0.39751587128632765,2,-0.43640143453769076,-0.1280650437482503
0,0,0,-0.5632281059850605,0.39751587128632765,1,-0.11204041049949574,0.42732827832541775
0,0,0,-0.5632281059850605,0.39751587128632765,1,-0.7649165370086279,-0.6014013405073949
1,0,0,-0.5632281059850605,0.39751587128632765,0,-0.4873675842168446,0.3433103314500693
0,0,0,-0.5632281059850605,0.39751587128632765,2,-0.36678945389000367,-0.5477022577648024
1,0,0,-0.5632281059850605,0.39751587128632765,2,-0.8599792902644379,-0.22053003734715268
1,0,0,-0.08595789719669997,-2.5156228272448207,2,-0.5858065583412458,-0.5875240494615565
1,0,0,0.1903564342070877,0.39751587128632765,0,0.1525784759219411,1.4369012019101708
1,0,0,-0.5632281059850605,0.39751587128632765,1,0.37435074911909755,-0.36593991308833035
1,0,0,-0.1735172437714067,0.39751587128632765,2,2.5603274035374803,-0.6916037323053453
1,0,0,0.022414736678551817,0.39751587128632765,1,-0.5589471150753245,-0.5133107103903329
1,0,0,-0.5632281059850605,0.39751587128632765,2,0.7373288982978418,6.65355591418495
1,0,0,-0.5632281059850605,-2.5156228272448207,0,-0.36620746425735085,-0.32219627826992625
0,1,0,-0.5632281059850605,-2.5156228272448207,2,-0.5139250550932749,-0.6505752196480836
1,0,0,-0.5632281059850605,0.39751587128632765,1,-0.5614426017957399,-0.5006401403050021
1,0,0,1.2310207992343398,0.39751587128632765,0,1.2212659364199476,0.5650453079433588
1,0,0,-0.5632281059850605,0.39751587128632765,2,-0.49015638087802604,0.5256760366067952
0,1,0,-0.5632281059850605,0.39751587128632765,2,-0.45103158887546446,-0.5214560768737599
1,1,0,0.3109299606378314,0.39751587128632765,0,-0.5230113437385542,-0.4057617047850844
1,0,0,-0.5632281059850605,0.39751587128632765,1,-0.12489920793938586,0.5499612959370126
1,0,0,1.455301912386765,0.39751587128632765,1,0.31591596124504434,0.6324708416117265
1,0,0,-0.5632281059850605,0.39751587128632765,1,-0.3205951125997378,0.12775979987938169
1,0,0,-0.5632281059850605,-2.5156228272448207,2,-0.4259863862630831,-0.7228276371584821
1,0,0,-0.5632281059850605,0.39751587128632765,0,-0.20390995536489417,-0.23983757271527587
0,0,1,-0.5632281059850605,0.39751587128632765,2,-0.5948306930305567,1.8950026465429057
1,0,0,-0.1591632525296515,0.39751587128632765,2,0.16730243199551206,0.8092554623261042
1,0,1,0.7824585729294897,0.39751587128632765,0,-0.2723633477262934,-0.1173553952237445
1,0,1,-0.5632281059850605,-2.5156228272448207,0,0.055010277609261825,-0.23501068887324508
0,0,0,-0.5632281059850605,0.39751587128632765,2,-0.3366091343681491,-0.3209895573094186
0,0,0,-0.03966627544203944,0.39751587128632765,2,-0.37516695871029854,-0.4283877227946037
1,1,0,-0.5632281059850605,0.39751587128632765,0,-0.42411195814133795,-0.33169920583392437
1,0,0,1.326474840992012,0.39751587128632765,0,-0.1970641536707308,2.6356276360545055
1,0,0,-0.5632281059850605,0.39751587128632765,2,4.94963173994901,1.1830372798433637
0,0,0,0.0801895514266165,0.39751587128632765,2,0.06932694339617086,-0.13470200903104265
1,1,0,-0.5632281059850605,0.39751587128632765,0,-0.22269165981897732,-0.5297522834772503
1,0,0,0.30411181479799765,0.39751587128632765,2,-0.48000980198827836,-0.3528168226428091
0,0,0,-0.5632281059850605,0.39751587128632765,2,5.832866747737081,-0.6914528921852819
0,1,0,-0.5632281059850605,0.39751587128632765,2,-1.0757069650316482,-0.7664204318568226
1,1,0,0.913079893229462,-2.5156228272448207,0,0.0036846054462331083,0.08763632794250073
1,0,0,0.9798259525036238,0.39751587128632765,0,0.21697667826447997,-0.016292514781224777
0,0,0,-0.5632281059850605,0.39751587128632765,1,-0.5719158569873036,0.832334000695814
0,0,0,0.12396922471396987,0.39751587128632765,1,-0.45509793240846985,-0.08145544664864048
0,0,0,-0.5632281059850605,0.39751587128632765,2,-0.5613813034794013,-0.2570333464025106
1,1,0,-0.5632281059850605,0.39751587128632765,0,-0.2764815593754883,0.0797926416992007
1,1,0,-0.5632281059850605,-2.5156228272448207,0,-0.6924580963853816,-0.1621549108825928
0,1,0,0.2854516261837159,0.39751587128632765,2,-0.4602983534464541,-0.4225049581121287
0,0,0,0.07660105361617771,0.39751587128632765,0,-0.6403062445771821,-0.4206948766713671
1,0,0,-0.5632281059850605,0.39751587128632765,0,-0.02368901337286507,0.32988556076442116
1,0,1,-0.5632281059850605,0.39751587128632765,2,-0.5533647045816441,0.08959724950332575
1,0,0,-0.03966627544203944,0.39751587128632765,2,-0.10333729692887746,-0.3855491286965804
1,1,0,0.16631349887714772,0.39751587128632765,0,-0.35752795400605786,-0.41888479523060557
1,0,0,0.3216954540691478,-2.5156228272448207,0,0.13263823410604308,-0.31586099322726086
1,0,0,-0.5632281059850605,0.39751587128632765,0,-0.39934472489417466,-0.16788683544500435
0,0,0,1.021452527104714,-2.5156228272448207,0,0.02582241512512739,0.5335197228500952
1,0,0,0.6116460771526029,0.39751587128632765,1,-0.4717440092685362,0.016138111032419612
0,1,0,-0.5632281059850605,0.39751587128632765,2,-0.31268381770771086,-0.8365610876863326
1,1,0,-0.5632281059850605,0.39751587128632765,1,-0.43550838148068893,-0.4344213275971422
0,0,0,-0.5632281059850605,0.39751587128632765,1,-0.3752719527859193,-0.5122548295498888
0,1,0,-0.09600569106592861,0.39751587128632765,1,-0.2551981491044813,-0.46247758992894616
0,0,0,0.7523151913218038,0.39751587128632765,0,-0.6131400693377929,0.334410764366325
1,0,0,-0.23559825589199795,0.39751587128632765,1,-0.31470357795486725,-0.425220080273271
1,0,1,-0.5632281059850605,-2.5156228272448207,0,-0.5472653076168937,-0.7302188030415917
1,0,1,0.09454354266837171,0.39751587128632765,2,0.42365550803998026,0.6834548021931767
1,0,1,-0.5632281059850605,0.39751587128632765,1,-0.5500052131142488,1.7996716906627976
0,1,0,0.16954314690654265,0.39751587128632765,0,-0.4338291604569723,-0.3751411604122015
1,0,0,2.3456082191566314,0.39751587128632765,2,0.1709359583139998,0.6072805415611282
1,1,0,-0.04074282478517108,0.39751587128632765,2,0.18182259628951797,-0.5428753739227715
1,0,1,1.0874808868167878,0.39751587128632765,0,-0.31089872069320706,-0.004376145296211256
0,0,0,-0.5632281059850605,0.39751587128632765,1,-0.36781244411754,-0.649368498687576
1,0,1,6.613767514892541,0.39751587128632765,2,1.2395019322318483,2.1733026680599936
1,1,0,0.019902788211244655,0.39751587128632765,1,-0.5712148439109803,-0.5200985157931888
1,1,0,-0.11287163077499097,-2.5156228272448207,0,-0.6784698445884303,-0.5300539637173772
1,0,0,0.16703119843923547,0.39751587128632765,2,-0.4483179988862203,-0.2689497158875241
0,0,0,-0.5632281059850605,0.39751587128632765,2,0.0763564009115401,-0.04510297771334607
1,0,0,0.23772460530487985,0.39751587128632765,0,-0.4024654183716235,-0.45946078752767694
1,0,0,-0.5632281059850605,0.39751587128632765,1,-0.5090583511436566,0.17105091433759537
0,0,0,-0.5632281059850605,0.39751587128632765,2,-0.3346975755628048,-0.6321727250003413
1,0,0,-0.5632281059850605,0.39751587128632765,1,0.8629492260484096,0.4473900142938583
1,0,0,-0.27614828114995643,0.39751587128632765,1,-0.2574794400360441,-0.35266598252274567
0,0,0,0.18425598792934172,0.39751587128632765,1,-0.05936329059607169,-0.18704353069306406
1,0,0,3.372636292504216,0.39751587128632765,1,0.5565796666982946,2.489916080073201
1,0,0,0.5370053226954759,0.39751587128632765,2,-0.43045979252260963,-0.12836672398837726
0,0,0,0.10100283872716155,0.39751587128632765,1,0.7440781222334731,-0.48661200913910013
0,0,0,-0.5632281059850605,0.39751587128632765,2,-0.791316139011326,-0.5526799817268966
1,0,0,1.8292233842344878,0.39751587128632765,2,0.21928257589500474,3.026906907499127
1,0,1,0.6927461276685198,0.39751587128632765,2,0.82256455939935,-0.03394080882864986
1,1,0,0.5621248073685474,-2.5156228272448207,2,-0.076866581259072,-0.14103729407370807
1,0,0,-0.054737966245882404,0.39751587128632765,1,-0.5149656891537279,-0.36624159332845724
1,0,0,0.10853868412908303,-2.5156228272448207,1,-0.44877122657986124,-0.35296766276287256
1,0,0,-0.015623340112099473,0.39751587128632765,2,-0.5402333843425898,-0.2396867325952124
1,0,0,0.0586585645639837,-2.5156228272448207,0,-0.38050345759383536,-0.21434559242455073
1,1,0,0.28293967771640877,0.39751587128632765,2,-0.2884690407962903,-0.3215929177896724
0,0,0,-0.5632281059850605,0.39751587128632765,2,-0.2734906958794261,-0.6837600460620453
0,0,0,-0.5632281059850605,-2.5156228272448207,1,-0.6413833144727686,-0.331246685473734
0,0,0,0.03461562923404374,0.39751587128632765,2,0.4071699881748664,-0.5324674056383927
1,0,0,1.454943062605721,0.39751587128632765,1,0.0021713668804090626,0.5019941377568315
1,1,0,0.025285534926902855,0.39751587128632765,2,-0.1592966393756493,-0.30545302494288196
1,0,0,0.25602594413811774,0.39751587128632765,1,-0.46478899848509564,-0.24994386075952785
1,0,1,0.07337140558678279,0.39751587128632765,1,-0.3937591011222994,-0.015085793820717078
1,1,0,1.9849641892075318,0.39751587128632765,1,-0.4740193808787686,0.3816237219461887
0,0,0,-0.5632281059850605,-2.5156228272448207,2,-0.18491769368599,-0.5798312033383198
1,0,0,0.2298299101219145,-2.5156228272448207,1,-0.35592366496738,-0.27030727696809526
0,1,0,-0.5632281059850605,0.39751587128632765,0,-0.2602588970403216,-0.6430332136449105
1,1,0,-0.019211837922538274,0.39751587128632765,2,-0.3114968013527794,-0.4825393258973867
1,0,0,-0.5632281059850605,0.39751587128632765,1,-0.3211386670961643,-0.4811817648168155
0,0,0,0.25315514588976673,0.39751587128632765,1,-0.2126023384530447,-0.12399236050653684
0,0,0,0.9801848022846676,0.39751587128632765,0,-0.12452769083835367,0.128514000479699
0,0,1,-0.5632281059850605,-2.5156228272448207,2,1.059151486896608,1.3733975113634533
0,0,0,-0.5632281059850605,0.39751587128632765,1,-0.0805692127052479,-0.32581644115144937
1,0,0,-0.060838412523628364,0.39751587128632765,2,-0.3307673587321222,-0.38705752989721504
1,1,0,0.4835367053199377,0.39751587128632765,1,-0.5759071469269081,-0.5918984129433968
1,0,0,0.7074589686913189,0.39751587128632765,1,-0.30970156174160207,-0.26910055600758753
0,0,1,-0.5632281059850605,0.39751587128632765,1,1.0329230003875076,0.007238543948675339
1,0,0,0.05363466762936938,0.39751587128632765,2,-0.4685707972306003,-0.5300539637173772
1,0,0,-0.5632281059850605,0.39751587128632765,2,-0.2402533832040943,-0.4181305946302883
1,1,1,0.2140405197559838,0.39751587128632765,1,-0.25296560974996185,-0.2389325319948951
0,0,0,-0.5632281059850605,0.39751587128632765,1,-0.8640570649802427,-0.5470988972845485
1,0,0,0.5732491505809078,0.39751587128632765,1,-0.26895265343484676,0.1781403999805781
1,0,1,-0.19935442800656608,0.39751587128632765,0,2.052270110835033,1.5741657111679215
0,1,0,-0.5632281059850605,0.39751587128632765,1,-0.2691359045651723,-0.5543392230475948
1,0,0,0.6209761714597438,0.39751587128632765,0,-0.0016719495660065128,0.009651985869690736
0,0,0,0.3486091876474388,0.39751587128632765,0,-0.015691189803023593,0.06591535065336217
0,1,1,-0.009881743615397391,0.39751587128632765,1,-0.8560830686853343,-0.427181001834096
0,0,1,0.05291696806728162,0.39751587128632765,1,-0.21589234591503936,-0.41254951018794017
0,0,0,-0.5632281059850605,0.39751587128632765,0,-0.509130727124988,-0.49068469238081364
1,1,0,0.29801136852025173,0.39751587128632765,2,-0.3339682488995867,-0.37725292209308997
1,0,0,0.6669089434333604,0.39751587128632765,0,-0.1386433511125239,-0.03152736690763446
0,0,0,-0.5632281059850605,0.39751587128632765,2,-0.2443749021429956,-0.16502087316379857
0,0,0,-0.5632281059850605,0.39751587128632765,2,-0.5352295059930562,-0.5001876199448118
0,1,0,-0.5632281059850605,0.39751587128632765,1,-0.34455394923314525,-0.2856929692145684
0,0,0,-0.5632281059850605,0.39751587128632765,2,-0.23282999019413517,-0.5965744566653641
1,1,0,0.006266496531577212,0.39751587128632765,0,-0.8013029136286179,-0.43623140903790375
1,0,0,0.034974479015087614,0.39751587128632765,1,-0.16118111999875817,-0.28659800993494916
1,1,0,-0.5632281059850605,-2.5156228272448207,2,0.7096918272151355,0.0909548105838969
1,1,0,0.34250874136969284,0.39751587128632765,2,-0.41005429248856373,-0.3496491801214764
1,0,0,0.18425598792934172,0.39751587128632765,0,-0.02013824150594889,-0.3467832178402706
1,1,1,-0.2991146671367647,0.39751587128632765,1,0.23652216257730452,-0.2956484171387569
1,0,0,-0.5632281059850605,0.39751587128632765,2,-0.15255734142841434,-0.3751411604122015
0,0,0,0.5079384904309215,0.39751587128632765,0,-0.120229764809721,-0.1408864539536446
1,0,0,-0.5632281059850605,0.39751587128632765,0,-0.29708357702053334,-0.3743869598118842
1,0,0,0.9320989316247877,0.39751587128632765,1,0.18390104085951325,0.412395106439135
0,0,0,0.22947106034087061,0.39751587128632765,1,-0.5747770288765931,-0.4250692401532075
1,0,0,-0.042537073690390476,-2.5156228272448207,2,-0.32807732662599065,-0.08311468796933856
0,0,1,-0.5632281059850605,0.39751587128632765,0,-0.567984138539335,-0.11358439222215794
1,0,0,-0.11466587968021037,-2.5156228272448207,1,-0.430050373495106,-0.3621689100867438
1,0,1,0.8183435510338778,-2.5156228272448207,2,1.21498679378014,1.0935890886457307
1,0,0,0.3163127073534896,0.39751587128632765,2,0.3418725817271626,-0.042086175312076826
1,0,1,-0.5632281059850605,0.39751587128632765,1,2.577061843897914,-0.5308081643176946
1,0,0,-0.5632281059850605,0.39751587128632765,1,-0.4368283574625013,-0.6149769513131065
1,0,0,-0.2926553710779749,0.39751587128632765,2,-0.6753813232086874,-0.3835882071357554
0,0,1,-0.5632281059850605,0.39751587128632765,1,0.21741867699168202,0.22942604080215526
0,0,1,-0.5632281059850605,0.39751587128632765,1,-0.5650516709259683,0.3185725517596615
1,0,0,0.5133212371465797,0.39751587128632765,0,-0.24919996245836165,0.02383095715565619
1,0,0,0.4472928774345058,0.39751587128632765,1,0.14140389334246017,-0.1258024419472984
1,1,0,-0.21047877121892636,0.39751587128632765,1,-0.07039999702804088,-0.3348668483552571
1,0,0,-0.5632281059850605,0.39751587128632765,2,-0.616180159336605,-0.6068315848296796
1,0,0,0.5732491505809078,0.39751587128632765,0,0.5954708023535531,0.6609796243037208
0,0,0,-0.5632281059850605,0.39751587128632765,1,0.2380917709805198,-0.4320078856761268
1,0,0,0.6328182142341918,0.39751587128632765,0,-0.1776661028631353,-0.19760233909750644
1,0,0,-0.5632281059850605,0.39751587128632765,0,3.4214839283312752,2.049312089367828
0,1,0,0.24561930048784522,-2.5156228272448207,2,-0.2228886220103851,-0.24511697691749704
1,1,0,-0.1900243336994252,0.39751587128632765,2,-0.08314343638453829,-0.27106147756841253
1,0,0,-0.5632281059850605,0.39751587128632765,0,1.5548324321246134,-0.4354772084375864
1,1,0,0.14837100982495371,0.39751587128632765,2,-0.5672242068240152,-0.39218609397937276
0,0,0,-0.5632281059850605,0.39751587128632765,1,-0.7565545107600462,-0.6861734879830608
1,0,0,0.33389634662463974,0.39751587128632765,1,-0.5037376350356249,-0.1849317690121756
1,0,0,0.1957391809227459,0.39751587128632765,2,-0.35088237857504917,-0.35824706696509373
0,1,0,-0.5632281059850605,0.39751587128632765,0,-0.524118553990552,-0.5086346666683657
0,0,0,-0.5632281059850605,0.39751587128632765,2,-0.3134541332163658,0.4820832419084546
0,0,0,0.9554241673926399,0.39751587128632765,1,-0.493031823237143,0.4410547292511928
1,0,0,0.48640750356828877,0.39751587128632765,1,-0.19950266019060303,-0.06968991728369042
1,1,0,-0.5632281059850605,0.39751587128632765,0,-0.5381737609136137,-0.44905281924329804
1,1,0,-0.2926553710779749,0.39751587128632765,1,-0.6333713366783041,-0.6368487687223086
1,0,0,-0.5632281059850605,0.39751587128632765,0,0.4364098888890804,2.4858433968314877
1,0,0,-0.0655034596771988,0.39751587128632765,1,-0.3030904958843511,-0.1520486228383408
0,0,0,-0.5632281059850605,0.39751587128632765,2,-0.5618095851369774,-0.6928104532658531
1,1,1,-0.5632281059850605,0.39751587128632765,0,-0.20456895125937397,-0.20816114750194878
0,0,0,0.03461562923404374,0.39751587128632765,0,-0.3171525851615705,-0.25039638111971824
1,0,1,-0.5632281059850605,-2.5156228272448207,0,0.0404598217552174,-0.06757815560280195
1,0,0,-0.5632281059850605,0.39751587128632765,0,-0.6151676100189438,-0.7744149582201861
0,0,0,0.025285534926902855,0.39751587128632765,0,-0.23129414662284944,-0.2377258110343874
0,1,1,-0.5632281059850605,0.39751587128632765,2,2.9229069446802023,1.6723626293292355
1,0,1,-0.5632281059850605,0.39751587128632765,1,-0.6203368747904198,-0.6264408004379297
1,0,0,0.16021305259940177,0.39751587128632765,0,-0.21333609015393273,-0.3412021333979225
1,0,0,0.33389634662463974,-2.5156228272448207,0,-0.07881722888155257,-0.17738976300900247
0,1,0,0.2998056174254711,0.39751587128632765,1,-0.07799372696124841,-0.2612568697642875
1,0,0,0.1544714561026997,0.39751587128632765,0,-0.09249629707121555,-0.2065019061812507
1,0,0,-0.5632281059850605,0.39751587128632765,2,0.2134627685359511,-0.4743939594139597
0,0,0,-0.5632281059850605,0.39751587128632765,2,-0.40364495577562354,-0.49822669838398675
1,1,0,-0.5632281059850605,0.39751587128632765,2,-0.06938769082498562,-0.07270671968495966
1,0,0,1.828864534453444,0.39751587128632765,1,2.2926605350359406,0.26743775105814777
0,0,0,-0.5632281059850605,0.39751587128632765,2,-0.09861354938582084,-0.5566018248485466
1,0,1,-0.5632281059850605,0.39751587128632765,1,-0.010102557777891688,0.364427948258954
0,0,0,-0.5632281059850605,0.39751587128632765,0,-0.02585054015240836,0.3060528217943941
1,1,0,0.019902788211244655,0.39751587128632765,1,-0.27638912807761884,0.09201069142434114
1,1,0,-0.5632281059850605,-2.5156228272448207,2,0.39430875340660776,-0.6198038351551374
0,0,0,1.104705676306894,0.39751587128632765,0,0.3834201760193206,0.462323186180141
1,1,0,-0.5632281059850605,0.39751587128632765,1,-0.24272323195960094,-0.5813396045389545
0,0,0,0.03461562923404374,0.39751587128632765,0,0.046702334303160245,0.6769686770304478
0,0,0,-0.5632281059850605,0.39751587128632765,1,-0.3941687183783447,-0.4276335221942864
1,0,0,-0.5632281059850605,0.39751587128632765,1,-0.5245869890971664,-0.2900673326964088
1,0,0,-0.15952210231069539,0.39751587128632765,2,-0.7533605025406431,-0.5645963512119101
1,0,0,-0.5632281059850605,0.39751587128632765,2,0.8726567494286235,-0.4547847438057096
0,0,0,0.5323402755419054,0.39751587128632765,0,0.5872040720236552,-0.125349921587108
1,0,0,0.13652896705050568,0.39751587128632765,0,-0.6176225087200519,-0.3605096687660457
1,0,0,-0.5632281059850605,0.39751587128632765,1,3.209926831814537,1.1812271984026022
1,1,0,-0.5632281059850605,0.39751587128632765,1,-0.5836723136192946,-0.4766565612149116
0,1,0,-0.5632281059850605,0.39751587128632765,0,-0.11588069363472081,-0.13123268626958304
0,0,0,-0.5632281059850605,-2.5156228272448207,1,-0.06339378154474747,-0.3101290686648493
1,0,0,0.431862336849619,0.39751587128632765,0,-0.5129811293318134,-0.4927964540617021
0,0,0,0.4835367053199377,0.39751587128632765,2,-0.38750181826097096,-0.15310450367878506
1,0,0,-0.5632281059850605,0.39751587128632765,2,-0.6642658634513838,0.10634050283037005
0,0,0,-0.5632281059850605,0.39751587128632765,1,-0.6361801096103736,-0.6208597159955815
1,1,0,0.026720934051078376,0.39751587128632765,1,-0.4584165187092059,-0.5250762397552831
1,0,1,-0.5632281059850605,0.39751587128632765,2,0.36192846155143316,1.3435311675908876
1,0,0,-0.5632281059850605,0.39751587128632765,2,0.15994179469411848,-0.27106147756841253
1,0,0,0.3636808784512818,0.39751587128632765,1,-0.5201447431284718,-0.21344055170416998
1,0,0,0.3037529650169538,0.39751587128632765,0,-0.3386070216356703,-0.24149681403597395
0,0,0,2.6592429277889824,-2.5156228272448207,1,0.9460602290585767,0.6074313816811917
1,0,1,1.224920352956594,-2.5156228272448207,0,-0.43237582614228265,0.9533077769867108
1,0,0,1.4657085560370373,0.39751587128632765,1,0.399895974374823,0.7184497100478999
0,0,0,-0.5632281059850605,0.39751587128632765,1,-0.7276539443340023,-0.5523783014867697
1,1,0,0.12468692427605764,-2.5156228272448207,0,-0.104838495408324,-0.2689497158875241
0,0,0,-0.5632281059850605,0.39751587128632765,0,-0.3891851150923893,-0.3145034321466897
1,0,0,1.2295854001101643,0.39751587128632765,0,1.7035404812886636,1.0050459381684782
1,0,0,-0.5632281059850605,0.39751587128632765,2,0.01918483220954877,0.3617128260978117
1,0,0,0.07516565449200219,0.39751587128632765,1,-0.4700220319644769,-0.3256656010313859
1,1,0,0.06475901084172966,0.39751587128632765,1,-0.20153185055775835,-0.36699579392877457
0,0,0,0.10315593741342483,0.39751587128632765,0,-0.40984752151524884,-0.36035882864598223
1,0,0,-0.4954054973677671,0.39751587128632765,1,-0.43101596738274733,-0.3840407274959458
1,0,0,0.6457368063517716,0.39751587128632765,2,-0.39826011110518694,0.05746830392980828
1,0,0,2.03843280658307,-2.5156228272448207,2,0.7862059628789893,0.9830232806392127
1,1,0,0.159495353037314,0.39751587128632765,0,-0.5512425619569996,-0.12565160182723492
0,1,1,-0.5632281059850605,0.39751587128632765,1,0.816370232574646,1.5212208290256464
1,0,0,-0.2094739962099708,0.39751587128632765,2,-0.2645278393272764,-0.5647773611962358
1,1,0,-0.1896654839183813,0.39751587128632765,1,-0.6459116817103083,-0.6255357597175489
1,1,0,-0.5632281059850605,0.39751587128632765,0,-0.2550537362004699,-0.3636773112873784
0,0,0,-0.5632281059850605,-2.5156228272448207,0,0.3482012812287141,-0.0841705688097828
1,0,0,0.7225306594951618,0.39751587128632765,1,0.42640827684534466,0.17406771673886462
1,0,0,-0.5632281059850605,-2.5156228272448207,2,-0.501719817858183,0.23953232884640724
1,0,0,-0.5632281059850605,-2.5156228272448207,1,0.12840384256759532,0.18025216166146657
1,1,0,0.08987849551480127,0.39751587128632765,2,0.3727220605314238,-0.2927824548575511
1,0,0,0.1738493442790692,0.39751587128632765,1,-0.21229614883350142,-0.3789121634137881
0,0,0,-0.5632281059850605,0.39751587128632765,1,-0.2386734839994666,-0.3048496644626281
0,0,0,6.613767514892541,0.39751587128632765,1,5.166118831090672,2.3295730324457407
1,0,0,-0.193612831509864,0.39751587128632765,2,-0.30148675974220024,-0.44814777852291726
1,0,0,1.081380440539042,0.39751587128632765,1,-0.25273202105136494,0.5587100229006934
1,0,1,-0.09672339062801637,0.39751587128632765,0,0.5951272824421606,0.0737590368966622
1,1,0,0.21475821931807154,0.39751587128632765,2,-0.2725648741039549,-0.27573752129037987
1,1,0,0.46272341801939265,0.39751587128632765,2,-0.2252479697401901,-0.13289192759028112
0,0,0,0.802554160667947,0.39751587128632765,1,0.21085286936209097,0.23304620368367837
1,1,0,-0.05007291909231196,0.39751587128632765,0,-0.21161311045144293,-0.21902163614651807
1,0,1,0.18425598792934172,0.39751587128632765,1,-0.27078502246238056,-0.06742731548273849
0,0,0,0.18425598792934172,0.39751587128632765,0,-0.2571339494011931,-0.30319042314193
0,0,0,-0.5632281059850605,0.39751587128632765,0,-0.3368925226330458,-0.5059195445072233
1,0,1,2.008289424975384,0.39751587128632765,0,-0.5809984214190005,1.158601180393083
1,0,0,0.2750449825334434,0.39751587128632765,1,-0.1125168900736811,-0.12218227906577529
0,0,1,-0.5632281059850605,0.39751587128632765,0,-0.19474461582911048,-0.35704034600458606
1,1,0,1.3393934331095916,0.39751587128632765,0,0.5334220611555581,0.34104772964911734
1,0,0,-0.5632281059850605,0.39751587128632765,1,-0.6275383788168226,-0.35492858432369756
1,1,0,-0.5632281059850605,0.39751587128632765,0,-0.4102135762165857,-0.39309113469975354
1,0,1,2.2619962201734074,0.39751587128632765,0,-0.1548590748083535,1.4877343223715578
1,1,0,0.03461562923404374,-2.5156228272448207,2,-0.12178680045449153,-0.3600571484058553
1,0,0,0.4774362590421917,0.39751587128632765,1,-0.17832533839248554,-0.1849317690121756
1,0,0,-0.5632281059850605,0.39751587128632765,2,-0.3499283828182902,-0.129271764708758
1,0,0,-0.5632281059850605,0.39751587128632765,1,2.4726295933399056,4.01732313583582
0,0,0,-0.5632281059850605,0.39751587128632765,1,0.21723271108398412,0.6185935505658879
0,0,0,-0.5632281059850605,0.39751587128632765,1,0.23249094880026624,-0.34859329928103217
0,0,1,-0.5632281059850605,0.39751587128632765,2,0.1691093067852599,0.012970468511086906
1,0,0,-0.5632281059850605,0.39751587128632765,2,-0.49128217151708825,-0.36533655260807646
1,0,0,-0.06945080726868148,0.39751587128632765,0,1.1701308465540314,-0.3157101531071974
1,0,0,-0.061556112085716125,0.39751587128632765,2,-0.25225389418392385,-0.5167800331517926
0,0,0,0.4383216329084088,0.39751587128632765,1,-0.3225550308311038,-0.201373342099093
1,0,0,1.67958302553919,0.39751587128632765,0,-0.09041557923921628,0.2617058264957362
1,0,0,0.24526045070680133,0.39751587128632765,1,-0.28105812253951307,-0.305151344702755
1,0,0,0.26284408997795145,0.39751587128632765,1,-0.4797106249628989,-0.34753741844058794
1,0,0,-0.382008966557901,0.39751587128632765,1,-0.8629058498445787,-0.6267424806780566
